时间,阶段,CPU温度℃,CPU功耗W,CPU负载%,风扇转速RPM
11:05:00,基线空载,30.45,5.00,6.0,1200
11:05:01,基线空载,30.16,5.00,6.0,1200
11:05:02,基线空载,30.12,5.00,6.0,1200
11:05:03,基线空载,29.68,5.00,6.0,1200
11:05:04,基线空载,30.12,5.00,6.0,1200
11:05:05,基线空载,30.15,5.00,6.0,1200
11:05:06,基线空载,30.26,5.00,6.0,1200
11:05:07,基线空载,30.17,5.00,6.0,1200
11:05:08,基线空载,30.37,5.00,6.0,1200
11:05:09,基线空载,30.30,5.00,6.0,1200
11:05:10,基线空载,30.14,5.00,6.0,1200
11:05:11,基线空载,30.74,5.00,6.0,1200
11:05:12,基线空载,30.78,5.00,6.0,1200
11:05:13,基线空载,31.03,5.00,6.0,1200
11:05:14,基线空载,30.67,5.00,6.0,1200
11:05:15,基线空载,30.60,5.00,6.0,1200
11:05:16,基线空载,30.61,5.00,6.0,1200
11:05:17,基线空载,30.40,5.00,6.0,1200
11:05:18,基线空载,31.08,5.00,6.0,1200
11:05:19,基线空载,30.60,5.00,6.0,1200
11:05:20,基线空载,30.63,5.00,6.0,1200
11:05:21,基线空载,30.92,5.00,6.0,1200
11:05:22,基线空载,31.39,5.00,6.0,1200
11:05:23,基线空载,31.12,5.00,6.0,1200
11:05:24,基线空载,30.85,5.00,6.0,1200
11:05:25,基线空载,30.97,5.00,6.0,1200
11:05:26,基线空载,31.35,5.00,6.0,1200
11:05:27,基线空载,31.19,5.00,6.0,1200
11:05:28,基线空载,31.09,5.00,6.0,1200
11:05:29,基线空载,31.27,5.00,6.0,1200
11:05:30,基线空载,31.55,5.00,6.0,1200
11:05:31,基线空载,31.90,5.00,6.0,1200
11:05:32,基线空载,31.14,5.00,6.0,1200
11:05:33,基线空载,31.34,5.00,6.0,1200
11:05:34,基线空载,31.34,5.00,6.0,1200
11:05:35,基线空载,30.98,5.00,6.0,1200
11:05:36,基线空载,31.39,5.00,6.0,1200
11:05:37,基线空载,31.41,5.00,6.0,1200
11:05:38,基线空载,31.99,5.00,6.0,1200
11:05:39,基线空载,31.72,5.00,6.0,1200
11:05:40,基线空载,31.39,5.00,6.0,1200
11:05:41,基线空载,32.00,5.00,6.0,1200
11:05:42,基线空载,31.79,5.00,6.0,1200
11:05:43,基线空载,31.49,5.00,6.0,1200
11:05:44,基线空载,31.81,5.00,6.0,1200
11:05:45,基线空载,31.86,5.00,6.0,1200
11:05:46,基线空载,31.83,5.00,6.0,1200
11:05:47,基线空载,32.10,5.00,6.0,1200
11:05:48,基线空载,31.57,5.00,6.0,1200
11:05:49,基线空载,32.10,5.00,6.0,1200
11:05:50,基线空载,32.47,5.00,6.0,1200
11:05:51,基线空载,32.47,5.00,6.0,1200
11:05:52,基线空载,32.57,5.00,6.0,1200
11:05:53,基线空载,32.62,5.00,6.0,1200
11:05:54,基线空载,32.75,5.00,6.0,1200
11:05:55,基线空载,32.14,5.00,6.0,1200
11:05:56,基线空载,32.67,5.00,6.0,1200
11:05:57,基线空载,32.03,5.00,6.0,1200
11:05:58,基线空载,32.39,5.00,6.0,1200
11:05:59,基线空载,32.10,5.00,6.0,1200
11:06:00,恒载2线程,32.88,20.00,50.0,1200
11:06:01,恒载2线程,33.12,20.00,50.0,1200
11:06:02,恒载2线程,32.90,20.00,50.0,1200
11:06:03,恒载2线程,33.55,20.00,50.0,1200
11:06:04,恒载2线程,33.11,20.00,50.0,1200
11:06:05,恒载2线程,33.48,20.00,50.0,1200
11:06:06,恒载2线程,33.64,20.00,50.0,1200
11:06:07,恒载2线程,33.50,20.00,50.0,1200
11:06:08,恒载2线程,34.03,20.00,50.0,1200
11:06:09,恒载2线程,34.57,20.00,50.0,1200
11:06:10,恒载2线程,33.99,20.00,50.0,1200
11:06:11,恒载2线程,34.63,20.00,50.0,1200
11:06:12,恒载2线程,34.53,20.00,50.0,1200
11:06:13,恒载2线程,35.17,20.00,50.0,1200
11:06:14,恒载2线程,35.00,20.00,50.0,1200
11:06:15,恒载2线程,35.21,20.00,50.0,1200
11:06:16,恒载2线程,35.36,20.00,50.0,1200
11:06:17,恒载2线程,35.42,20.00,50.0,1200
11:06:18,恒载2线程,35.16,20.00,50.0,1200
11:06:19,恒载2线程,36.02,20.00,50.0,1200
11:06:20,恒载2线程,35.48,20.00,50.0,1200
11:06:21,恒载2线程,36.04,20.00,50.0,1200
11:06:22,恒载2线程,36.29,20.00,50.0,1200
11:06:23,恒载2线程,36.08,20.00,50.0,1200
11:06:24,恒载2线程,36.48,20.00,50.0,1200
11:06:25,恒载2线程,36.89,20.00,50.0,1200
11:06:26,恒载2线程,36.75,20.00,50.0,1200
11:06:27,恒载2线程,36.68,20.00,50.0,1200
11:06:28,恒载2线程,36.33,20.00,50.0,1200
11:06:29,恒载2线程,36.97,20.00,50.0,1200
11:06:30,恒载2线程,37.21,20.00,50.0,1200
11:06:31,恒载2线程,37.38,20.00,50.0,1200
11:06:32,恒载2线程,37.42,20.00,50.0,1200
11:06:33,恒载2线程,37.91,20.00,50.0,1200
11:06:34,恒载2线程,37.82,20.00,50.0,1200
11:06:35,恒载2线程,38.08,20.00,50.0,1200
11:06:36,恒载2线程,38.43,20.00,50.0,1200
11:06:37,恒载2线程,38.19,20.00,50.0,1200
11:06:38,恒载2线程,38.48,20.00,50.0,1200
11:06:39,恒载2线程,39.24,20.00,50.0,1200
11:06:40,恒载2线程,39.07,20.00,50.0,1200
11:06:41,恒载2线程,38.67,20.00,50.0,1200
11:06:42,恒载2线程,39.12,20.00,50.0,1200
11:06:43,恒载2线程,39.43,20.00,50.0,1200
11:06:44,恒载2线程,39.74,20.00,50.0,1200
11:06:45,恒载2线程,39.62,20.00,50.0,1200
11:06:46,恒载2线程,39.59,20.00,50.0,1200
11:06:47,恒载2线程,39.69,20.00,50.0,1200
11:06:48,恒载2线程,40.17,20.00,50.0,1200
11:06:49,恒载2线程,40.23,20.00,50.0,1200
11:06:50,恒载2线程,40.17,20.00,50.0,1200
11:06:51,恒载2线程,40.39,20.00,50.0,1200
11:06:52,恒载2线程,40.48,20.00,50.0,1200
11:06:53,恒载2线程,40.91,20.00,50.0,1200
11:06:54,恒载2线程,40.69,20.00,50.0,1200
11:06:55,恒载2线程,41.13,20.00,50.0,1200
11:06:56,恒载2线程,41.36,20.00,50.0,1200
11:06:57,恒载2线程,41.41,20.00,50.0,1200
11:06:58,恒载2线程,41.22,20.00,50.0,1200
11:06:59,恒载2线程,41.90,20.00,50.0,1200
11:07:00,恒载2线程,41.54,20.00,50.0,1200
11:07:01,恒载2线程,41.95,20.00,50.0,1200
11:07:02,恒载2线程,41.79,20.00,50.0,1200
11:07:03,恒载2线程,41.68,20.00,50.0,1200
11:07:04,恒载2线程,42.31,20.00,50.0,1200
11:07:05,恒载2线程,42.46,20.00,50.0,1200
11:07:06,恒载2线程,42.51,20.00,50.0,1200
11:07:07,恒载2线程,42.73,20.00,50.0,1200
11:07:08,恒载2线程,42.64,20.00,50.0,1200
11:07:09,恒载2线程,42.75,20.00,50.0,1200
11:07:10,恒载2线程,43.03,20.00,50.0,1200
11:07:11,恒载2线程,43.68,20.00,50.0,1200
11:07:12,恒载2线程,43.54,20.00,50.0,1200
11:07:13,恒载2线程,43.34,20.00,50.0,1200
11:07:14,恒载2线程,43.75,20.00,50.0,1200
11:07:15,恒载2线程,43.62,20.00,50.0,1200
11:07:16,恒载2线程,43.76,20.00,50.0,1200
11:07:17,恒载2线程,44.22,20.00,50.0,1200
11:07:18,恒载2线程,44.00,20.00,50.0,1200
11:07:19,恒载2线程,43.85,20.00,50.0,1200
11:07:20,恒载2线程,44.17,20.00,50.0,1200
11:07:21,恒载2线程,44.55,20.00,50.0,1200
11:07:22,恒载2线程,44.69,20.00,50.0,1200
11:07:23,恒载2线程,45.10,20.00,50.0,1200
11:07:24,恒载2线程,44.74,20.00,50.0,1200
11:07:25,恒载2线程,45.23,20.00,50.0,1204
11:07:26,恒载2线程,45.28,20.00,50.0,1216
11:07:27,恒载2线程,45.26,20.00,50.0,1227
11:07:28,恒载2线程,45.64,20.00,50.0,1239
11:07:29,恒载2线程,45.68,20.00,50.0,1251
11:07:30,恒载2线程,45.47,20.00,50.0,1262
11:07:31,恒载2线程,46.08,20.00,50.0,1274
11:07:32,恒载2线程,45.63,20.00,50.0,1285
11:07:33,恒载2线程,46.08,20.00,50.0,1296
11:07:34,恒载2线程,46.19,20.00,50.0,1308
11:07:35,恒载2线程,46.42,20.00,50.0,1319
11:07:36,恒载2线程,46.25,20.00,50.0,1330
11:07:37,恒载2线程,46.55,20.00,50.0,1342
11:07:38,恒载2线程,46.64,20.00,50.0,1353
11:07:39,恒载2线程,47.05,20.00,50.0,1364
11:07:40,恒载2线程,46.72,20.00,50.0,1375
11:07:41,恒载2线程,47.06,20.00,50.0,1386
11:07:42,恒载2线程,47.10,20.00,50.0,1397
11:07:43,恒载2线程,46.96,20.00,50.0,1408
11:07:44,恒载2线程,48.07,20.00,50.0,1419
11:07:45,恒载2线程,47.51,20.00,50.0,1430
11:07:46,恒载2线程,47.27,20.00,50.0,1440
11:07:47,恒载2线程,48.11,20.00,50.0,1451
11:07:48,恒载2线程,47.61,20.00,50.0,1462
11:07:49,恒载2线程,48.09,20.00,50.0,1473
11:07:50,恒载2线程,48.33,20.00,50.0,1483
11:07:51,恒载2线程,48.07,20.00,50.0,1494
11:07:52,恒载2线程,48.24,20.00,50.0,1504
11:07:53,恒载2线程,48.33,20.00,50.0,1515
11:07:54,恒载2线程,48.55,20.00,50.0,1525
11:07:55,恒载2线程,48.29,20.00,50.0,1536
11:07:56,恒载2线程,48.50,20.00,50.0,1546
11:07:57,恒载2线程,48.89,20.00,50.0,1556
11:07:58,恒载2线程,49.29,20.00,50.0,1567
11:07:59,恒载2线程,49.30,20.00,50.0,1577
11:08:00,恒载2线程,49.69,20.00,50.0,1587
11:08:01,恒载2线程,49.54,20.00,50.0,1597
11:08:02,恒载2线程,49.35,20.00,50.0,1607
11:08:03,恒载2线程,49.56,20.00,50.0,1617
11:08:04,恒载2线程,49.19,20.00,50.0,1627
11:08:05,恒载2线程,49.57,20.00,50.0,1637
11:08:06,恒载2线程,49.67,20.00,50.0,1647
11:08:07,恒载2线程,50.10,20.00,50.0,1657
11:08:08,恒载2线程,50.30,20.00,50.0,1667
11:08:09,恒载2线程,50.11,20.00,50.0,1677
11:08:10,恒载2线程,50.21,20.00,50.0,1687
11:08:11,恒载2线程,50.07,20.00,50.0,1696
11:08:12,恒载2线程,50.54,20.00,50.0,1706
11:08:13,恒载2线程,50.74,20.00,50.0,1716
11:08:14,恒载2线程,50.89,20.00,50.0,1725
11:08:15,恒载2线程,50.69,20.00,50.0,1735
11:08:16,恒载2线程,51.49,20.00,50.0,1744
11:08:17,恒载2线程,51.39,20.00,50.0,1754
11:08:18,恒载2线程,51.17,20.00,50.0,1763
11:08:19,恒载2线程,51.17,20.00,50.0,1773
11:08:20,恒载2线程,51.32,20.00,50.0,1782
11:08:21,恒载2线程,51.54,20.00,50.0,1791
11:08:22,恒载2线程,51.60,20.00,50.0,1801
11:08:23,恒载2线程,51.83,20.00,50.0,1810
11:08:24,恒载2线程,52.00,20.00,50.0,1819
11:08:25,恒载2线程,52.25,20.00,50.0,1828
11:08:26,恒载2线程,52.30,20.00,50.0,1837
11:08:27,恒载2线程,52.08,20.00,50.0,1846
11:08:28,恒载2线程,52.30,20.00,50.0,1855
11:08:29,恒载2线程,52.21,20.00,50.0,1864
11:08:30,恒载2线程,52.26,20.00,50.0,1873
11:08:31,恒载2线程,52.98,20.00,50.0,1882
11:08:32,恒载2线程,52.48,20.00,50.0,1891
11:08:33,恒载2线程,53.19,20.00,50.0,1900
11:08:34,恒载2线程,52.70,20.00,50.0,1908
11:08:35,恒载2线程,52.95,20.00,50.0,1917
11:08:36,恒载2线程,53.25,20.00,50.0,1926
11:08:37,恒载2线程,53.08,20.00,50.0,1934
11:08:38,恒载2线程,53.27,20.00,50.0,1943
11:08:39,恒载2线程,53.21,20.00,50.0,1951
11:08:40,恒载2线程,53.24,20.00,50.0,1960
11:08:41,恒载2线程,53.41,20.00,50.0,1968
11:08:42,恒载2线程,53.38,20.00,50.0,1977
11:08:43,恒载2线程,54.04,20.00,50.0,1985
11:08:44,恒载2线程,53.69,20.00,50.0,1994
11:08:45,恒载2线程,54.25,20.00,50.0,2002
11:08:46,恒载2线程,53.24,20.00,50.0,2010
11:08:47,恒载2线程,54.01,20.00,50.0,2018
11:08:48,恒载2线程,54.23,20.00,50.0,2026
11:08:49,恒载2线程,54.11,20.00,50.0,2035
11:08:50,恒载2线程,54.54,20.00,50.0,2043
11:08:51,恒载2线程,54.52,20.00,50.0,2051
11:08:52,恒载2线程,54.38,20.00,50.0,2059
11:08:53,恒载2线程,54.64,20.00,50.0,2067
11:08:54,恒载2线程,55.33,20.00,50.0,2075
11:08:55,恒载2线程,54.77,20.00,50.0,2083
11:08:56,恒载2线程,54.87,20.00,50.0,2091
11:08:57,恒载2线程,54.77,20.00,50.0,2098
11:08:58,恒载2线程,55.00,20.00,50.0,2106
11:08:59,恒载2线程,54.73,20.00,50.0,2114
11:09:00,恒载4线程,55.09,30.00,78.0,2122
11:09:01,恒载4线程,55.92,30.00,78.0,2137
11:09:02,恒载4线程,55.74,30.00,78.0,2152
11:09:03,恒载4线程,55.80,30.00,78.0,2167
11:09:04,恒载4线程,56.08,30.00,78.0,2182
11:09:05,恒载4线程,56.44,30.00,78.0,2197
11:09:06,恒载4线程,56.28,30.00,78.0,2212
11:09:07,恒载4线程,56.81,30.00,78.0,2227
11:09:08,恒载4线程,56.72,30.00,78.0,2241
11:09:09,恒载4线程,56.66,30.00,78.0,2256
11:09:10,恒载4线程,57.21,30.00,78.0,2271
11:09:11,恒载4线程,56.35,30.00,78.0,2285
11:09:12,恒载4线程,56.95,30.00,78.0,2299
11:09:13,恒载4线程,57.32,30.00,78.0,2314
11:09:14,恒载4线程,57.18,30.00,78.0,2328
11:09:15,恒载4线程,57.53,30.00,78.0,2342
11:09:16,恒载4线程,57.56,30.00,78.0,2356
11:09:17,恒载4线程,57.71,30.00,78.0,2370
11:09:18,恒载4线程,58.71,30.00,78.0,2384
11:09:19,恒载4线程,58.34,30.00,78.0,2398
11:09:20,恒载4线程,58.32,30.00,78.0,2412
11:09:21,恒载4线程,58.81,30.00,78.0,2426
11:09:22,恒载4线程,58.57,30.00,78.0,2439
11:09:23,恒载4线程,59.00,30.00,78.0,2453
11:09:24,恒载4线程,59.02,30.00,78.0,2467
11:09:25,恒载4线程,59.49,30.00,78.0,2480
11:09:26,恒载4线程,58.87,30.00,78.0,2493
11:09:27,恒载4线程,59.56,30.00,78.0,2507
11:09:28,恒载4线程,59.55,30.00,78.0,2520
11:09:29,恒载4线程,59.37,30.00,78.0,2533
11:09:30,恒载4线程,60.07,30.00,78.0,2546
11:09:31,恒载4线程,59.73,30.00,78.0,2559
11:09:32,恒载4线程,60.50,30.00,78.0,2572
11:09:33,恒载4线程,60.36,30.00,78.0,2585
11:09:34,恒载4线程,60.55,30.00,78.0,2598
11:09:35,恒载4线程,60.53,30.00,78.0,2610
11:09:36,恒载4线程,60.88,30.00,78.0,2623
11:09:37,恒载4线程,60.32,30.00,78.0,2635
11:09:38,恒载4线程,60.95,30.00,78.0,2648
11:09:39,恒载4线程,60.91,30.00,78.0,2660
11:09:40,恒载4线程,61.27,30.00,78.0,2673
11:09:41,恒载4线程,61.32,30.00,78.0,2685
11:09:42,恒载4线程,61.62,30.00,78.0,2697
11:09:43,恒载4线程,61.39,30.00,78.0,2709
11:09:44,恒载4线程,62.19,30.00,78.0,2721
11:09:45,恒载4线程,62.45,30.00,78.0,2733
11:09:46,恒载4线程,61.95,30.00,78.0,2745
11:09:47,恒载4线程,62.12,30.00,78.0,2757
11:09:48,恒载4线程,62.33,30.00,78.0,2769
11:09:49,恒载4线程,62.70,30.00,78.0,2781
11:09:50,恒载4线程,62.99,30.00,78.0,2792
11:09:51,恒载4线程,62.34,30.00,78.0,2804
11:09:52,恒载4线程,62.61,30.00,78.0,2815
11:09:53,恒载4线程,62.63,30.00,78.0,2827
11:09:54,恒载4线程,62.74,30.00,78.0,2838
11:09:55,恒载4线程,62.73,30.00,78.0,2849
11:09:56,恒载4线程,63.36,30.00,78.0,2861
11:09:57,恒载4线程,63.10,30.00,78.0,2872
11:09:58,恒载4线程,63.89,30.00,78.0,2883
11:09:59,恒载4线程,63.86,30.00,78.0,2894
11:10:00,恒载4线程,63.50,30.00,78.0,2905
11:10:01,恒载4线程,63.62,30.00,78.0,2916
11:10:02,恒载4线程,63.84,30.00,78.0,2927
11:10:03,恒载4线程,64.46,30.00,78.0,2937
11:10:04,恒载4线程,64.02,30.00,78.0,2948
11:10:05,恒载4线程,63.97,30.00,78.0,2959
11:10:06,恒载4线程,64.45,30.00,78.0,2969
11:10:07,恒载4线程,64.67,30.00,78.0,2980
11:10:08,恒载4线程,64.53,30.00,78.0,2990
11:10:09,恒载4线程,65.21,30.00,78.0,3000
11:10:10,恒载4线程,64.98,30.00,78.0,3011
11:10:11,恒载4线程,65.14,30.00,78.0,3021
11:10:12,恒载4线程,64.93,30.00,78.0,3031
11:10:13,恒载4线程,65.24,30.00,78.0,3041
11:10:14,恒载4线程,65.33,30.00,78.0,3051
11:10:15,恒载4线程,64.91,30.00,78.0,3061
11:10:16,恒载4线程,65.66,30.00,78.0,3071
11:10:17,恒载4线程,65.24,30.00,78.0,3081
11:10:18,恒载4线程,65.79,30.00,78.0,3091
11:10:19,恒载4线程,65.54,30.00,78.0,3101
11:10:20,恒载4线程,66.52,30.00,78.0,3110
11:10:21,恒载4线程,66.20,30.00,78.0,3120
11:10:22,恒载4线程,66.44,30.00,78.0,3129
11:10:23,恒载4线程,66.56,30.00,78.0,3139
11:10:24,恒载4线程,66.10,30.00,78.0,3148
11:10:25,恒载4线程,65.96,30.00,78.0,3158
11:10:26,恒载4线程,66.55,30.00,78.0,3167
11:10:27,恒载4线程,66.96,30.00,78.0,3176
11:10:28,恒载4线程,66.86,30.00,78.0,3185
11:10:29,恒载4线程,67.14,30.00,78.0,3195
11:10:30,恒载4线程,67.27,30.00,78.0,3204
11:10:31,恒载4线程,66.77,30.00,78.0,3213
11:10:32,恒载4线程,67.31,30.00,78.0,3222
11:10:33,恒载4线程,67.83,30.00,78.0,3230
11:10:34,恒载4线程,67.29,30.00,78.0,3239
11:10:35,恒载4线程,67.02,30.00,78.0,3248
11:10:36,恒载4线程,67.57,30.00,78.0,3257
11:10:37,恒载4线程,67.60,30.00,78.0,3265
11:10:38,恒载4线程,67.92,30.00,78.0,3274
11:10:39,恒载4线程,67.68,30.00,78.0,3283
11:10:40,恒载4线程,68.02,30.00,78.0,3291
11:10:41,恒载4线程,67.54,30.00,78.0,3299
11:10:42,恒载4线程,68.40,30.00,78.0,3308
11:10:43,恒载4线程,68.67,30.00,78.0,3316
11:10:44,恒载4线程,68.69,30.00,78.0,3324
11:10:45,恒载4线程,68.08,30.00,78.0,3333
11:10:46,恒载4线程,68.63,30.00,78.0,3341
11:10:47,恒载4线程,67.89,30.00,78.0,3349
11:10:48,恒载4线程,68.80,30.00,78.0,3357
11:10:49,恒载4线程,68.80,30.00,78.0,3365
11:10:50,恒载4线程,68.65,30.00,78.0,3373
11:10:51,恒载4线程,69.07,30.00,78.0,3381
11:10:52,恒载4线程,69.11,30.00,78.0,3389
11:10:53,恒载4线程,69.39,30.00,78.0,3396
11:10:54,恒载4线程,69.28,30.00,78.0,3404
11:10:55,恒载4线程,69.39,30.00,78.0,3412
11:10:56,恒载4线程,68.93,30.00,78.0,3419
11:10:57,恒载4线程,69.21,30.00,78.0,3427
11:10:58,恒载4线程,69.46,30.00,78.0,3434
11:10:59,恒载4线程,69.73,30.00,78.0,3442
11:11:00,恒载4线程,69.74,30.00,78.0,3449
11:11:01,恒载4线程,70.20,30.00,78.0,3457
11:11:02,恒载4线程,69.69,30.00,78.0,3464
11:11:03,恒载4线程,69.92,30.00,78.0,3471
11:11:04,恒载4线程,70.13,30.00,78.0,3478
11:11:05,恒载4线程,70.08,30.00,78.0,3486
11:11:06,恒载4线程,70.34,30.00,78.0,3493
11:11:07,恒载4线程,70.15,30.00,78.0,3500
11:11:08,恒载4线程,70.73,30.00,78.0,3507
11:11:09,恒载4线程,70.37,30.00,78.0,3514
11:11:10,恒载4线程,70.81,30.00,78.0,3521
11:11:11,恒载4线程,70.59,30.00,78.0,3528
11:11:12,恒载4线程,71.05,30.00,78.0,3534
11:11:13,恒载4线程,70.40,30.00,78.0,3541
11:11:14,恒载4线程,70.96,30.00,78.0,3548
11:11:15,恒载4线程,70.79,30.00,78.0,3554
11:11:16,恒载4线程,71.03,30.00,78.0,3561
11:11:17,恒载4线程,71.34,30.00,78.0,3568
11:11:18,恒载4线程,70.83,30.00,78.0,3574
11:11:19,恒载4线程,70.86,30.00,78.0,3581
11:11:20,恒载4线程,71.01,30.00,78.0,3587
11:11:21,恒载4线程,71.39,30.00,78.0,3594
11:11:22,恒载4线程,70.93,30.00,78.0,3600
11:11:23,恒载4线程,71.49,30.00,78.0,3606
11:11:24,恒载4线程,71.22,30.00,78.0,3613
11:11:25,恒载4线程,71.32,30.00,78.0,3619
11:11:26,恒载4线程,71.58,30.00,78.0,3625
11:11:27,恒载4线程,71.84,30.00,78.0,3631
11:11:28,恒载4线程,71.65,30.00,78.0,3637
11:11:29,恒载4线程,71.75,30.00,78.0,3643
11:11:30,恒载4线程,71.93,30.00,78.0,3649
11:11:31,恒载4线程,71.94,30.00,78.0,3655
11:11:32,恒载4线程,71.40,30.00,78.0,3661
11:11:33,恒载4线程,72.03,30.00,78.0,3667
11:11:34,恒载4线程,72.22,30.00,78.0,3673
11:11:35,恒载4线程,72.54,30.00,78.0,3679
11:11:36,恒载4线程,72.84,30.00,78.0,3684
11:11:37,恒载4线程,72.56,30.00,78.0,3690
11:11:38,恒载4线程,72.47,30.00,78.0,3696
11:11:39,恒载4线程,72.27,30.00,78.0,3701
11:11:40,恒载4线程,72.60,30.00,78.0,3707
11:11:41,恒载4线程,72.83,30.00,78.0,3712
11:11:42,恒载4线程,73.01,30.00,78.0,3718
11:11:43,恒载4线程,72.54,30.00,78.0,3723
11:11:44,恒载4线程,72.88,30.00,78.0,3729
11:11:45,恒载4线程,73.08,30.00,78.0,3734
11:11:46,恒载4线程,73.40,30.00,78.0,3740
11:11:47,恒载4线程,73.06,30.00,78.0,3745
11:11:48,恒载4线程,72.92,30.00,78.0,3750
11:11:49,恒载4线程,72.94,30.00,78.0,3755
11:11:50,恒载4线程,73.08,30.00,78.0,3761
11:11:51,恒载4线程,73.06,30.00,78.0,3766
11:11:52,恒载4线程,73.49,30.00,78.0,3771
11:11:53,恒载4线程,73.60,30.00,78.0,3776
11:11:54,恒载4线程,73.57,30.00,78.0,3781
11:11:55,恒载4线程,73.74,30.00,78.0,3786
11:11:56,恒载4线程,73.39,30.00,78.0,3791
11:11:57,恒载4线程,73.65,30.00,78.0,3796
11:11:58,恒载4线程,73.51,30.00,78.0,3801
11:11:59,恒载4线程,73.67,30.00,78.0,3806
11:12:00,卸载恢复,74.02,4.00,5.0,3811
11:12:01,卸载恢复,73.54,4.00,5.0,3796
11:12:02,卸载恢复,72.92,4.00,5.0,3781
11:12:03,卸载恢复,73.16,4.00,5.0,3766
11:12:04,卸载恢复,72.89,4.00,5.0,3752
11:12:05,卸载恢复,72.53,4.00,5.0,3737
11:12:06,卸载恢复,72.55,4.00,5.0,3723
11:12:07,卸载恢复,72.83,4.00,5.0,3708
11:12:08,卸载恢复,72.86,4.00,5.0,3694
11:12:09,卸载恢复,72.16,4.00,5.0,3680
11:12:10,卸载恢复,72.38,4.00,5.0,3666
11:12:11,卸载恢复,72.27,4.00,5.0,3652
11:12:12,卸载恢复,71.54,4.00,5.0,3639
11:12:13,卸载恢复,71.67,4.00,5.0,3625
11:12:14,卸载恢复,71.51,4.00,5.0,3611
11:12:15,卸载恢复,71.42,4.00,5.0,3598
11:12:16,卸载恢复,70.83,4.00,5.0,3585
11:12:17,卸载恢复,71.00,4.00,5.0,3571
11:12:18,卸载恢复,71.20,4.00,5.0,3558
11:12:19,卸载恢复,71.11,4.00,5.0,3545
11:12:20,卸载恢复,71.11,4.00,5.0,3532
11:12:21,卸载恢复,70.43,4.00,5.0,3519
11:12:22,卸载恢复,70.84,4.00,5.0,3506
11:12:23,卸载恢复,70.40,4.00,5.0,3494
11:12:24,卸载恢复,69.75,4.00,5.0,3481
11:12:25,卸载恢复,70.14,4.00,5.0,3468
11:12:26,卸载恢复,69.73,4.00,5.0,3456
11:12:27,卸载恢复,69.81,4.00,5.0,3444
11:12:28,卸载恢复,69.52,4.00,5.0,3431
11:12:29,卸载恢复,69.71,4.00,5.0,3419
11:12:30,卸载恢复,69.34,4.00,5.0,3407
11:12:31,卸载恢复,69.07,4.00,5.0,3395
11:12:32,卸载恢复,69.25,4.00,5.0,3383
11:12:33,卸载恢复,68.94,4.00,5.0,3371
11:12:34,卸载恢复,68.65,4.00,5.0,3359
11:12:35,卸载恢复,68.94,4.00,5.0,3347
11:12:36,卸载恢复,68.39,4.00,5.0,3336
11:12:37,卸载恢复,68.21,4.00,5.0,3324
11:12:38,卸载恢复,68.11,4.00,5.0,3313
11:12:39,卸载恢复,67.75,4.00,5.0,3301
11:12:40,卸载恢复,67.85,4.00,5.0,3290
11:12:41,卸载恢复,68.33,4.00,5.0,3279
11:12:42,卸载恢复,67.52,4.00,5.0,3268
11:12:43,卸载恢复,67.62,4.00,5.0,3256
11:12:44,卸载恢复,67.22,4.00,5.0,3245
11:12:45,卸载恢复,67.23,4.00,5.0,3234
11:12:46,卸载恢复,67.64,4.00,5.0,3224
11:12:47,卸载恢复,67.36,4.00,5.0,3213
11:12:48,卸载恢复,66.87,4.00,5.0,3202
11:12:49,卸载恢复,66.91,4.00,5.0,3191
11:12:50,卸载恢复,66.58,4.00,5.0,3181
11:12:51,卸载恢复,66.48,4.00,5.0,3170
11:12:52,卸载恢复,66.33,4.00,5.0,3160
11:12:53,卸载恢复,66.22,4.00,5.0,3149
11:12:54,卸载恢复,66.41,4.00,5.0,3139
11:12:55,卸载恢复,66.36,4.00,5.0,3129
11:12:56,卸载恢复,66.22,4.00,5.0,3118
11:12:57,卸载恢复,65.95,4.00,5.0,3108
11:12:58,卸载恢复,65.54,4.00,5.0,3098
11:12:59,卸载恢复,65.75,4.00,5.0,3088
11:13:00,卸载恢复,65.43,4.00,5.0,3078
11:13:01,卸载恢复,65.77,4.00,5.0,3068
11:13:02,卸载恢复,65.58,4.00,5.0,3059
11:13:03,卸载恢复,65.52,4.00,5.0,3049
11:13:04,卸载恢复,65.14,4.00,5.0,3039
11:13:05,卸载恢复,64.67,4.00,5.0,3029
11:13:06,卸载恢复,65.26,4.00,5.0,3020
11:13:07,卸载恢复,65.22,4.00,5.0,3010
11:13:08,卸载恢复,64.44,4.00,5.0,3001
11:13:09,卸载恢复,64.74,4.00,5.0,2991
11:13:10,卸载恢复,64.90,4.00,5.0,2982
11:13:11,卸载恢复,64.23,4.00,5.0,2973
11:13:12,卸载恢复,64.84,4.00,5.0,2964
11:13:13,卸载恢复,64.21,4.00,5.0,2954
11:13:14,卸载恢复,63.93,4.00,5.0,2945
11:13:15,卸载恢复,64.44,4.00,5.0,2936
11:13:16,卸载恢复,64.07,4.00,5.0,2927
11:13:17,卸载恢复,63.74,4.00,5.0,2918
11:13:18,卸载恢复,64.02,4.00,5.0,2909
11:13:19,卸载恢复,63.22,4.00,5.0,2901
11:13:20,卸载恢复,64.06,4.00,5.0,2892
11:13:21,卸载恢复,63.31,4.00,5.0,2883
11:13:22,卸载恢复,63.49,4.00,5.0,2874
11:13:23,卸载恢复,63.22,4.00,5.0,2866
11:13:24,卸载恢复,63.34,4.00,5.0,2857
11:13:25,卸载恢复,63.36,4.00,5.0,2849
11:13:26,卸载恢复,62.84,4.00,5.0,2840
11:13:27,卸载恢复,63.15,4.00,5.0,2832
11:13:28,卸载恢复,62.78,4.00,5.0,2823
11:13:29,卸载恢复,62.60,4.00,5.0,2823