时间,阶段号,阶段,CPU温度℃,CPU功耗W,CPU负载%,单核最高负载%,CPU频率MHz,GPU温度℃,GPU功耗W
01:16:55,1,基线空载,64.38,19.9,71.8,84.4,3301,45.0,2.33
01:16:56,1,基线空载,64.25,19.96,73.5,84.1,3301,45.0,2.29
01:16:57,1,基线空载,64.13,19.96,78.1,92.3,3301,45.0,2.25
01:16:58,1,基线空载,64.63,19.4,39.6,73.4,3301,45.0,2.27
01:16:59,1,基线空载,65.25,19.94,47.5,64.1,3301,45.0,2.28
01:17:00,1,基线空载,65.88,19.96,48.9,71.9,3301,46.0,2.3
01:17:01,1,基线空载,66.0,19.97,55.2,67.2,3301,46.0,2.49
01:17:02,1,基线空载,66.75,19.93,44.2,76.6,3301,46.0,2.34
01:17:03,1,基线空载,67.13,19.95,42.7,62.5,3301,46.0,2.34
01:17:04,1,基线空载,68.0,19.95,43.5,67.2,3301,47.0,2.35
01:17:05,1,基线空载,68.5,19.97,46.2,68.8,1805,47.0,2.36
01:17:06,1,基线空载,68.25,16.61,19.5,59.4,3301,47.0,2.36
01:17:07,1,基线空载,68.13,19.44,37.5,65.6,3301,47.0,2.36
01:17:08,1,基线空载,68.0,19.42,34.1,65.6,3301,47.0,2.34
01:17:09,1,基线空载,67.38,14.49,10.2,43.8,1805,48.0,2.37
01:17:10,1,基线空载,66.5,3.76,1.0,1.6,3301,48.0,2.37
01:17:11,1,基线空载,65.13,5.69,3.7,15.6,1805,48.0,2.42
01:17:12,1,基线空载,64.0,4.89,1.0,4.7,1805,48.0,2.45
01:17:13,1,基线空载,62.88,4.75,2.4,3.1,1805,48.0,2.42
01:17:14,1,基线空载,61.88,4.94,0.7,9.4,1805,48.0,2.41
01:17:15,1,基线空载,61.0,4.69,0.9,4.6,1805,48.0,2.4
01:17:16,1,基线空载,60.13,5.11,3.5,7.8,1805,48.0,2.4
01:17:17,1,基线空载,59.38,4.62,0.1,6.3,1805,48.0,2.4
01:17:18,1,基线空载,58.75,5.24,6.0,12.5,3301,48.0,2.41
01:17:19,1,基线空载,58.13,5.11,2.5,17.5,3301,48.0,3.61
01:17:20,1,基线空载,57.63,4.84,1.0,10.9,3301,48.0,2.44
01:17:21,1,基线空载,57.13,5.06,2.5,7.9,3301,48.0,2.43
01:17:22,1,基线空载,56.75,5.13,1.7,10.8,1805,48.0,2.42
01:17:23,1,基线空载,56.25,4.73,0.8,1.6,3301,48.0,2.43
01:17:24,1,基线空载,55.88,4.96,0.9,4.7,3301,48.0,2.41
01:17:25,1,基线空载,55.63,6.39,5.9,15.6,1805,49.0,14.98
01:17:26,1,基线空载,55.38,5.19,1.0,3.1,1805,49.0,15.06
01:17:27,1,基线空载,55.25,5.41,2.0,9.5,1805,49.0,15.06
01:17:28,1,基线空载,55.0,5.38,4.5,16.9,1805,48.0,2.45
01:17:29,1,基线空载,54.88,5.24,4.8,12.5,1805,48.0,2.49
01:17:30,1,基线空载,54.63,5.58,1.4,9.4,1805,48.0,2.49
01:17:31,1,基线空载,54.5,4.96,2.0,6.2,3301,48.0,2.5
01:17:32,1,基线空载,54.38,4.79,0.8,6.2,3301,48.0,2.48
01:17:33,1,基线空载,54.13,4.69,3.4,1.6,1805,48.0,2.44
01:17:34,1,基线空载,54.0,4.93,2.0,12.5,1805,48.0,2.49
01:17:35,1,基线空载,54.63,6.29,11.1,26.6,1805,48.0,5.48
01:17:36,1,基线空载,54.5,5.71,2.8,45.3,1805,49.0,2.45
01:17:37,1,基线空载,54.38,5.25,2.2,9.4,3301,48.0,2.44
01:17:38,1,基线空载,54.38,5.21,4.8,12.3,1805,48.0,2.43
01:17:39,1,基线空载,54.25,5.06,1.0,4.7,1805,48.0,2.43
01:17:40,1,基线空载,54.13,4.79,2.6,7.8,1805,48.0,2.39
01:17:41,1,基线空载,54.0,4.96,5.3,9.4,3301,48.0,2.47
01:17:42,1,基线空载,54.38,6.3,2.9,25.0,1805,48.0,2.48
01:17:43,1,基线空载,54.13,4.66,0.8,1.6,1805,48.0,2.46
01:17:44,1,基线空载,54.0,4.82,1.2,7.8,1805,48.0,2.46
01:17:45,1,基线空载,53.75,4.82,1.2,4.6,3301,47.0,2.42
01:17:46,1,基线空载,53.63,5.02,2.7,12.5,3301,47.0,3.85
01:17:47,1,基线空载,53.75,6.52,8.5,31.2,1805,47.0,2.41
01:17:48,1,基线空载,53.63,4.77,5.2,3.1,1805,47.0,2.41
01:17:49,1,基线空载,53.5,5.86,2.9,17.2,1805,47.0,2.38
01:17:50,1,基线空载,53.25,4.78,0.3,1.6,1805,46.0,2.41
01:17:51,1,基线空载,53.0,4.86,2.2,6.3,3301,46.0,2.41
01:17:52,1,基线空载,53.0,5.69,6.4,20.0,1805,46.0,2.42
01:17:53,1,基线空载,52.75,4.79,0.5,3.1,1805,46.0,2.4
01:17:54,1,基线空载,52.5,5.0,1.3,3.1,1805,46.0,2.34
01:17:57,2,恒载3线程,57.5,8.77,23.1,58.8,3301,46.0,5.34
01:17:58,2,恒载3线程,58.25,11.13,30.5,84.4,1805,45.0,2.36
01:17:59,2,恒载3线程,58.63,11.37,27.6,71.9,3301,45.0,2.37
01:18:00,2,恒载3线程,59.13,11.04,27.1,84.4,1805,45.0,2.33
01:18:01,2,恒载3线程,59.0,10.75,25.6,86.2,3301,45.0,2.33
01:18:02,2,恒载3线程,59.0,10.74,26.3,80.9,1805,45.0,2.29
01:18:03,2,恒载3线程,58.88,10.79,25.9,75.4,3301,45.0,2.31
01:18:04,2,恒载3线程,58.88,10.66,27.8,92.2,3301,44.0,2.31
01:18:05,2,恒载3线程,58.88,11.05,30.3,74.6,3301,44.0,2.32
01:18:06,2,恒载3线程,64.75,16.4,29.6,95.4,3301,44.0,2.29
01:18:07,2,恒载3线程,70.0,18.72,26.7,85.9,3301,44.0,2.34
01:18:08,2,恒载3线程,72.25,17.81,26.2,93.8,3301,44.0,2.33
01:18:09,2,恒载3线程,73.25,18.64,28.0,76.6,3301,44.0,2.34
01:18:10,2,恒载3线程,73.75,18.07,27.6,86.2,3301,44.0,4.81
01:18:11,2,恒载3线程,74.13,19.43,26.3,87.3,1805,44.0,2.26
01:18:12,2,恒载3线程,74.5,18.81,26.8,75.4,3301,44.0,2.27
01:18:13,2,恒载3线程,74.5,18.36,25.5,92.2,3301,44.0,2.29
01:18:14,2,恒载3线程,74.38,18.52,26.0,71.9,3301,44.0,2.26
01:18:15,2,恒载3线程,74.38,18.43,25.4,87.5,3301,45.0,2.34
01:18:16,2,恒载3线程,74.38,18.3,26.2,89.1,3301,45.0,2.36
01:18:17,2,恒载3线程,74.63,18.43,25.9,87.5,3301,45.0,2.39
01:18:18,2,恒载3线程,74.75,18.21,26.5,82.8,3301,45.0,2.43
01:18:19,2,恒载3线程,74.88,18.37,25.5,85.9,3301,45.0,2.41
01:18:20,2,恒载3线程,75.0,18.25,24.8,75.0,3301,45.0,2.38
01:18:21,2,恒载3线程,75.13,18.15,26.6,76.6,3301,46.0,2.37
01:18:22,2,恒载3线程,75.38,18.29,26.2,87.7,3301,46.0,2.37
01:18:23,2,恒载3线程,75.5,18.18,25.8,88.9,3301,46.0,2.38
01:18:24,2,恒载3线程,75.75,18.66,25.7,81.2,1805,46.0,2.39
01:18:25,2,恒载3线程,76.0,18.21,25.4,89.1,3301,47.0,2.41
01:18:26,2,恒载3线程,76.5,18.75,27.0,87.7,3301,47.0,4.3
01:18:27,2,恒载3线程,76.75,18.56,26.7,87.5,3301,47.0,2.45
01:18:28,2,恒载3线程,76.88,18.59,26.1,81.2,1805,47.0,2.45
01:18:29,2,恒载3线程,77.13,18.77,28.6,75.0,3301,47.0,2.33
01:18:30,2,恒载3线程,77.25,17.64,25.7,89.1,3301,47.0,2.36
01:18:31,2,恒载3线程,77.25,18.74,27.3,84.6,3301,48.0,2.34
01:18:32,2,恒载3线程,77.63,19.08,28.4,85.7,3301,48.0,2.39
01:18:33,2,恒载3线程,77.63,18.74,27.3,78.1,3301,48.0,2.39
01:18:34,2,恒载3线程,77.75,17.64,25.5,84.4,3301,48.0,2.43
01:18:35,2,恒载3线程,78.0,18.89,26.3,75.8,3301,48.0,2.4
01:18:36,2,恒载3线程,78.0,18.76,25.8,79.0,3301,48.0,2.42
01:18:37,2,恒载3线程,78.25,18.22,26.1,79.7,3301,49.0,2.4
01:18:38,2,恒载3线程,78.5,18.13,25.7,82.8,3301,49.0,2.36
01:18:39,2,恒载3线程,78.63,18.8,29.8,87.5,3301,49.0,4.66
01:18:40,2,恒载3线程,79.0,18.85,26.3,89.1,3301,49.0,2.5
01:18:41,2,恒载3线程,79.0,18.89,33.3,82.8,3301,49.0,2.49
01:18:42,2,恒载3线程,79.88,18.85,28.9,92.2,3301,49.0,2.5
01:18:43,2,恒载3线程,79.75,17.97,26.0,85.9,3301,50.0,2.54
01:18:44,2,恒载3线程,79.75,18.27,25.2,86.2,1805,50.0,2.53
01:18:45,2,恒载3线程,79.88,18.28,25.8,84.4,3301,50.0,2.54
01:18:46,2,恒载3线程,79.88,18.33,25.7,82.8,3301,50.0,2.52
01:18:47,2,恒载3线程,80.0,18.07,25.2,87.5,3301,50.0,2.48
01:18:48,2,恒载3线程,80.12,18.36,25.7,82.8,3301,50.0,2.51
01:18:49,2,恒载3线程,80.12,18.02,27.4,89.1,3301,50.0,2.5
01:18:50,2,恒载3线程,80.38,18.3,25.9,90.6,3301,51.0,2.41
01:18:51,2,恒载3线程,80.5,18.47,25.5,78.1,3301,51.0,2.41
01:18:52,2,恒载3线程,80.62,17.81,25.6,93.8,3301,51.0,2.42
01:18:53,2,恒载3线程,80.62,18.26,25.9,82.8,3301,51.0,2.4
01:18:54,2,恒载3线程,80.88,18.03,25.6,90.6,3301,51.0,2.42
01:18:55,2,恒载3线程,81.0,18.13,27.2,92.2,1805,51.0,4.93
01:18:56,2,恒载3线程,81.12,17.67,26.2,98.5,3301,51.0,2.38
01:18:57,2,恒载3线程,81.38,18.2,25.9,90.5,1805,51.0,2.36
01:18:58,2,恒载3线程,81.38,18.5,25.9,80.9,1805,51.0,2.38
01:18:59,2,恒载3线程,81.88,18.99,34.8,89.1,3301,52.0,2.38
01:19:00,2,恒载3线程,82.0,19.75,31.9,80.0,3301,52.0,2.38
01:19:01,2,恒载3线程,82.0,19.38,32.7,67.2,3301,52.0,2.44
01:19:02,2,恒载3线程,82.25,18.91,26.2,89.1,3301,52.0,2.46
01:19:03,2,恒载3线程,82.25,17.96,26.1,95.3,3301,52.0,2.45
01:19:04,2,恒载3线程,82.25,17.82,25.3,87.5,3301,52.0,2.45
01:19:05,2,恒载3线程,82.38,18.46,25.8,78.1,3301,52.0,2.44
01:19:06,2,恒载3线程,82.38,17.72,25.7,95.3,1805,52.0,2.47
01:19:07,2,恒载3线程,82.38,17.62,25.4,90.6,1805,52.0,2.46
01:19:08,2,恒载3线程,82.38,18.28,25.7,79.7,3301,52.0,2.45
01:19:09,2,恒载3线程,82.25,18.18,25.7,81.2,3301,52.0,2.44
01:19:10,2,恒载3线程,82.25,18.29,27.7,89.2,3301,52.0,2.47
01:19:11,2,恒载3线程,82.12,19.14,26.9,69.8,3301,51.0,2.46
01:19:12,2,恒载3线程,82.12,18.1,25.4,85.9,3301,51.0,2.45
01:19:13,2,恒载3线程,82.0,18.03,26.0,85.9,1805,51.0,2.45
01:19:14,2,恒载3线程,81.88,18.28,28.0,84.4,3301,51.0,3.02
01:19:15,2,恒载3线程,82.0,18.27,26.4,90.6,3301,51.0,2.48
01:19:16,2,恒载3线程,81.75,18.12,26.8,84.4,3301,50.0,2.48
01:19:17,2,恒载3线程,82.0,18.96,27.9,75.4,1805,50.0,2.46
01:19:18,2,恒载3线程,81.75,18.62,25.8,85.7,3301,50.0,2.5
01:19:19,2,恒载3线程,81.5,17.86,25.8,84.4,3301,50.0,2.51
01:19:20,2,恒载3线程,81.25,19.0,26.9,76.6,1805,49.0,2.49
01:19:21,2,恒载3线程,81.0,18.19,26.6,87.7,3301,49.0,2.48
01:19:22,2,恒载3线程,80.75,18.15,25.7,82.8,3301,49.0,2.48
01:19:23,2,恒载3线程,80.62,18.33,25.8,85.9,3301,49.0,2.46
01:19:24,2,恒载3线程,80.5,18.08,25.9,89.1,3301,48.0,2.46
01:19:25,2,恒载3线程,80.38,18.06,25.8,84.4,3301,48.0,2.41
01:19:26,2,恒载3线程,80.38,19.0,29.7,93.8,3301,48.0,5.5
01:19:27,2,恒载3线程,80.5,19.24,26.1,84.4,3301,48.0,2.35
01:19:28,2,恒载3线程,80.25,18.7,26.2,89.1,1805,48.0,2.37
01:19:29,2,恒载3线程,80.12,18.3,25.2,82.8,1805,47.0,2.42
01:19:30,2,恒载3线程,80.12,19.24,28.6,73.4,1805,47.0,2.4
01:19:31,2,恒载3线程,80.0,18.6,26.3,78.1,3301,47.0,2.35
01:19:32,2,恒载3线程,79.75,18.78,25.3,81.2,3301,47.0,2.36
01:19:33,2,恒载3线程,79.5,18.61,26.0,90.6,1805,47.0,2.35
01:19:34,2,恒载3线程,79.38,18.57,26.4,82.8,3301,46.0,2.37
01:19:35,2,恒载3线程,79.25,19.39,27.3,82.8,3301,46.0,2.39
01:19:36,2,恒载3线程,79.25,18.34,26.7,84.4,1805,46.0,2.3
01:19:37,2,恒载3线程,78.88,18.79,27.9,78.1,3301,46.0,2.35
01:19:38,2,恒载3线程,78.75,18.26,26.2,92.2,3301,45.0,2.39
01:19:39,2,恒载3线程,78.5,18.55,25.6,92.2,3301,45.0,2.3
01:19:40,2,恒载3线程,78.13,19.08,31.0,83.1,3301,45.0,4.85
01:19:41,2,恒载3线程,78.13,19.2,25.7,81.2,3301,45.0,2.32
01:19:42,2,恒载3线程,77.88,19.13,31.3,84.4,3301,45.0,2.31
01:19:43,2,恒载3线程,77.75,18.69,25.3,81.2,3301,45.0,2.35
01:19:44,2,恒载3线程,77.5,18.74,30.2,85.9,3301,44.0,2.36
01:19:45,2,恒载3线程,77.13,18.92,26.6,69.2,3301,44.0,2.31
01:19:46,2,恒载3线程,77.0,17.7,25.4,90.6,3301,44.0,2.29
01:19:47,2,恒载3线程,76.88,18.52,25.1,95.2,3301,44.0,2.44
01:19:48,2,恒载3线程,76.75,17.61,26.6,87.5,3301,44.0,2.31
01:19:49,2,恒载3线程,76.5,18.23,25.4,89.2,3301,44.0,2.29
01:19:50,2,恒载3线程,76.38,17.95,28.8,81.2,3301,44.0,2.33
01:19:51,2,恒载3线程,76.5,18.88,25.8,79.7,3301,44.0,2.26
01:19:52,2,恒载3线程,76.25,18.63,26.3,81.2,3301,43.0,2.34
01:19:53,2,恒载3线程,76.0,18.54,26.3,79.7,3301,43.0,2.24
01:19:54,2,恒载3线程,75.88,18.7,26.3,82.8,3301,43.0,2.42
01:19:55,2,恒载3线程,75.75,18.35,25.3,84.4,1805,43.0,2.28
01:19:56,2,恒载3线程,75.63,18.37,28.3,85.9,3301,43.0,4.81
01:19:57,2,恒载3线程,75.5,17.56,25.3,92.2,3301,43.0,2.42
01:19:58,2,恒载3线程,75.38,18.16,25.6,89.1,3301,43.0,2.3
01:19:59,2,恒载3线程,75.38,18.46,25.7,89.1,3301,43.0,2.33
01:20:00,2,恒载3线程,75.38,18.1,29.6,82.8,3301,43.0,2.33
01:20:01,2,恒载3线程,75.25,18.5,24.7,81.2,3301,43.0,2.32
01:20:02,2,恒载3线程,75.25,18.12,25.5,93.8,3301,43.0,2.23
01:20:03,2,恒载3线程,75.25,18.34,26.2,85.9,1805,43.0,2.27
01:20:04,2,恒载3线程,75.13,18.55,25.8,85.9,3301,43.0,2.28
01:20:05,2,恒载3线程,75.13,18.31,25.9,89.1,1805,43.0,2.27
01:20:06,2,恒载3线程,75.13,18.97,26.0,67.7,3301,43.0,2.31
01:20:07,2,恒载3线程,75.13,17.86,25.6,87.3,3301,43.0,2.31
01:20:08,2,恒载3线程,75.13,17.94,25.9,81.2,3301,44.0,2.33
01:20:09,2,恒载3线程,75.25,18.43,27.0,86.2,3301,44.0,2.34
01:20:10,2,恒载3线程,75.38,18.53,31.1,92.2,1805,44.0,5.29
01:20:11,2,恒载3线程,75.5,19.3,28.3,81.2,3301,44.0,2.31
01:20:12,2,恒载3线程,75.88,18.49,26.0,81.2,3301,45.0,2.29
01:20:13,2,恒载3线程,76.0,18.2,25.9,81.2,3301,45.0,2.29
01:20:14,2,恒载3线程,76.13,18.99,26.4,83.1,3301,45.0,2.3
01:20:15,2,恒载3线程,76.38,18.12,25.5,85.7,1805,45.0,2.29
01:20:16,2,恒载3线程,76.63,18.27,25.5,89.1,3301,46.0,2.35
01:20:17,2,恒载3线程,76.88,18.79,25.1,87.7,3301,46.0,2.38
01:20:18,2,恒载3线程,77.13,17.96,25.3,90.5,3301,46.0,2.34
01:20:19,2,恒载3线程,77.25,18.76,26.6,78.1,3301,46.0,2.35
01:20:20,2,恒载3线程,77.5,18.18,25.4,87.5,3301,46.0,2.33
01:20:21,2,恒载3线程,78.13,18.99,28.1,89.1,1805,47.0,2.33
01:20:22,2,恒载3线程,78.38,18.46,25.8,79.7,3301,47.0,2.32
01:20:23,2,恒载3线程,78.38,18.41,26.1,93.8,1805,47.0,2.34
01:20:24,2,恒载3线程,78.88,18.64,26.2,95.4,3301,47.0,2.35
01:20:25,2,恒载3线程,78.88,18.51,25.3,90.6,1805,47.0,2.37
01:20:26,2,恒载3线程,78.88,18.71,30.1,75.0,3301,47.0,5.48
01:20:27,2,恒载3线程,79.38,18.71,27.0,96.9,3301,48.0,2.36
01:20:28,2,恒载3线程,79.38,19.04,25.6,85.9,3301,48.0,3.08
01:20:29,2,恒载3线程,79.38,18.78,26.2,81.2,3301,48.0,2.38
01:20:30,2,恒载3线程,79.5,18.46,25.2,82.8,3301,48.0,2.56
01:20:31,2,恒载3线程,79.62,19.12,27.6,79.7,3301,48.0,2.35
01:20:32,2,恒载3线程,80.12,17.67,25.7,98.4,3301,49.0,2.41
01:20:33,2,恒载3线程,80.12,18.62,25.9,80.0,3301,49.0,2.39
01:20:34,2,恒载3线程,80.25,19.04,26.1,76.6,1805,49.0,2.41
01:20:35,2,恒载3线程,80.5,19.32,26.2,79.4,3301,49.0,2.39
01:20:36,2,恒载3线程,80.62,17.62,25.4,92.2,3301,49.0,2.37
01:20:37,2,恒载3线程,80.75,18.44,25.6,86.2,3301,49.0,2.39
01:20:38,2,恒载3线程,80.75,19.39,30.2,84.1,3301,50.0,2.41
01:20:39,2,恒载3线程,80.88,18.61,26.0,81.2,3301,50.0,2.41
01:20:40,2,恒载3线程,81.12,18.51,25.5,82.8,3301,50.0,2.41
01:20:41,2,恒载3线程,81.38,18.31,27.8,89.2,3301,50.0,2.39
01:20:42,2,恒载3线程,81.62,19.28,28.7,81.2,3301,50.0,2.4
01:20:43,2,恒载3线程,81.88,17.94,25.9,92.2,1805,50.0,2.39
01:20:44,2,恒载3线程,82.12,18.17,27.4,92.2,3301,51.0,4.71
01:20:45,2,恒载3线程,82.38,18.78,25.9,87.5,3301,51.0,2.45
01:20:46,2,恒载3线程,82.38,17.89,26.3,93.8,3301,51.0,2.43
01:20:47,2,恒载3线程,82.5,18.09,25.3,90.6,1805,51.0,2.44
01:20:48,2,恒载3线程,82.5,18.35,25.7,81.5,3301,51.0,2.58
01:20:49,2,恒载3线程,82.75,17.91,25.5,90.5,3301,51.0,2.42
01:20:50,2,恒载3线程,83.0,18.56,25.6,81.2,3301,51.0,2.44
01:20:51,2,恒载3线程,83.0,18.55,27.8,81.2,3301,51.0,2.46
01:20:52,2,恒载3线程,83.5,18.82,28.4,87.5,3301,51.0,2.61
01:20:53,2,恒载3线程,83.38,18.22,25.9,85.9,3301,51.0,2.65
01:20:54,2,恒载3线程,83.38,18.31,25.8,87.7,3301,51.0,2.47
01:20:55,2,恒载3线程,83.5,18.8,27.2,84.1,3301,51.0,2.6
01:20:56,2,恒载3线程,83.5,18.59,25.7,79.7,3301,51.0,2.58
01:20:59,3,恒载4线程,82.88,19.25,32.6,87.6,3301,50.0,2.41
01:21:00,3,恒载4线程,82.75,19.9,35.6,87.5,3301,50.0,2.45
01:21:01,3,恒载4线程,82.62,20.01,34.7,95.3,3301,50.0,2.44
01:21:02,3,恒载4线程,82.38,20.01,34.9,82.8,3301,50.0,2.42
01:21:03,3,恒载4线程,82.25,19.98,34.9,81.5,3301,50.0,2.43
01:21:04,3,恒载4线程,82.0,19.92,33.9,93.7,3301,49.0,2.46
01:21:05,3,恒载4线程,81.75,19.98,34.1,79.7,3301,49.0,2.49
01:21:06,3,恒载4线程,81.75,19.99,34.5,81.2,3301,49.0,2.45
01:21:07,3,恒载4线程,81.5,19.94,33.6,87.7,3301,49.0,2.39
01:21:08,3,恒载4线程,81.25,19.97,34.3,90.5,1805,49.0,2.36
01:21:09,3,恒载4线程,81.0,19.97,33.9,89.1,3301,48.0,2.38
01:21:10,3,恒载4线程,80.88,19.96,38.9,84.4,3301,49.0,5.56
01:21:11,3,恒载4线程,80.75,19.96,37.1,85.9,3301,48.0,2.38
01:21:12,3,恒载4线程,80.62,19.99,35.6,82.8,3301,48.0,2.42
01:21:13,3,恒载4线程,80.5,19.86,34.3,96.9,3301,48.0,2.42
01:21:14,3,恒载4线程,80.25,20.1,34.7,95.3,3301,47.0,2.42
01:21:15,3,恒载4线程,80.12,19.95,34.0,92.2,3301,47.0,2.35
01:21:16,3,恒载4线程,79.88,19.96,33.8,87.5,3301,47.0,2.42
01:21:17,3,恒载4线程,79.62,19.96,34.0,80.0,3301,47.0,2.4
01:21:18,3,恒载4线程,79.38,19.94,34.3,84.1,3301,47.0,2.37
01:21:19,3,恒载4线程,79.25,19.95,32.7,89.2,3301,46.0,2.38
01:21:20,3,恒载4线程,79.0,19.92,35.1,92.1,3301,46.0,2.39
01:21:21,3,恒载4线程,78.75,20.03,35.1,97.0,1805,46.0,2.39
01:21:22,3,恒载4线程,78.5,19.91,36.7,92.2,1805,46.0,2.34
01:21:23,3,恒载4线程,78.25,20.06,33.5,88.9,3301,45.0,2.44
01:21:24,3,恒载4线程,78.13,19.96,34.9,84.4,3301,45.0,2.33
01:21:25,3,恒载4线程,78.0,19.94,34.5,96.9,3301,45.0,2.29
01:21:26,3,恒载4线程,77.88,20.02,35.3,82.5,3301,45.0,2.34
01:21:27,3,恒载4线程,77.63,19.9,33.2,95.3,3301,45.0,2.37
01:21:28,3,恒载4线程,77.38,20.05,34.0,95.3,1805,45.0,2.26
01:21:29,3,恒载4线程,77.13,19.97,33.6,100.0,1805,44.0,2.33
01:21:30,3,恒载4线程,76.88,19.97,33.9,90.6,3301,44.0,2.34
01:21:31,3,恒载4线程,76.63,19.95,34.5,81.2,1805,44.0,2.32
01:21:32,3,恒载4线程,76.38,19.95,35.4,90.6,3301,44.0,2.47
01:21:33,3,恒载4线程,76.38,19.9,36.0,87.5,3301,44.0,2.32
01:21:34,3,恒载4线程,76.25,19.96,34.7,93.8,3301,44.0,2.32
01:21:35,3,恒载4线程,75.88,19.92,36.4,76.9,3301,44.0,2.25
01:21:36,3,恒载4线程,75.63,19.95,33.7,82.8,3301,44.0,2.26
01:21:37,3,恒载4线程,75.63,19.97,33.3,95.3,3301,44.0,2.26
01:21:38,3,恒载4线程,75.5,19.86,34.0,88.9,3301,44.0,2.32
01:21:39,3,恒载4线程,75.38,20.0,33.3,90.9,3301,44.0,2.29
01:21:40,3,恒载4线程,75.38,20.0,34.0,88.7,3301,43.0,2.42
01:21:41,3,恒载4线程,75.25,19.91,38.2,95.4,1805,44.0,2.32
01:21:42,3,恒载4线程,75.0,19.99,39.5,84.4,3301,44.0,2.36
01:21:43,3,恒载4线程,74.88,19.9,35.6,88.9,3301,44.0,2.33
01:21:44,3,恒载4线程,75.25,19.95,33.7,81.8,3301,44.0,2.25
01:21:45,3,恒载4线程,75.13,19.94,34.8,93.7,3301,44.0,2.23
01:21:46,3,恒载4线程,75.13,19.97,34.5,85.9,3301,44.0,2.26
01:21:47,3,恒载4线程,75.0,20.0,34.2,93.8,1805,44.0,2.35
01:21:48,3,恒载4线程,74.88,19.94,34.1,96.8,3301,44.0,2.28
01:21:49,3,恒载4线程,74.75,19.93,34.3,85.9,3301,44.0,2.29
01:21:50,3,恒载4线程,74.75,19.96,38.1,92.2,3301,44.0,2.27
01:21:51,3,恒载4线程,74.75,19.96,34.0,78.1,3301,44.0,2.25
01:21:52,3,恒载4线程,74.88,19.97,36.3,96.9,1805,44.0,2.32
01:21:53,3,恒载4线程,75.0,19.92,34.5,96.9,3301,44.0,2.31
01:21:54,3,恒载4线程,75.13,19.94,33.8,96.8,3301,44.0,2.19
01:21:55,3,恒载4线程,75.25,19.86,34.5,85.9,3301,44.0,2.41
01:21:56,3,恒载4线程,75.25,19.96,33.8,84.4,1805,44.0,2.27
01:21:57,3,恒载4线程,75.5,19.95,33.4,96.9,1805,45.0,2.35
01:21:58,3,恒载4线程,75.88,19.98,33.8,93.8,3301,45.0,2.33
01:21:59,3,恒载4线程,76.0,19.95,33.6,87.7,3301,45.0,2.39
01:22:00,3,恒载4线程,76.0,19.95,34.5,82.8,3301,45.0,2.3
01:22:01,3,恒载4线程,75.88,19.96,33.6,76.6,3301,46.0,2.37
01:22:02,3,恒载4线程,76.25,19.94,34.8,90.5,3301,46.0,2.32
01:22:03,3,恒载4线程,76.5,19.96,35.4,84.6,3301,46.0,2.36
01:22:04,3,恒载4线程,76.88,19.99,33.8,100.0,3301,46.0,2.37
01:22:05,3,恒载4线程,77.13,19.99,34.5,92.2,1805,46.0,2.36
01:22:06,3,恒载4线程,77.25,19.94,33.8,76.6,3301,47.0,2.35
01:22:07,3,恒载4线程,77.38,19.93,33.5,93.8,3301,47.0,2.34
01:22:08,3,恒载4线程,77.5,20.0,33.6,84.6,3301,47.0,2.36
01:22:09,3,恒载4线程,78.0,19.92,34.3,89.2,1805,47.0,2.36
01:22:10,3,恒载4线程,78.13,19.96,33.0,93.8,3301,48.0,2.4
01:22:11,3,恒载4线程,78.13,19.93,35.7,83.1,3301,48.0,2.34
01:22:12,3,恒载4线程,78.75,19.96,33.8,93.7,3301,48.0,2.41
01:22:13,3,恒载4线程,78.88,19.95,36.1,81.2,3301,48.0,2.41
01:22:14,3,恒载4线程,78.88,19.99,37.3,93.8,3301,48.0,5.5
01:22:15,3,恒载4线程,79.75,19.95,36.8,84.4,3301,48.0,2.39
01:22:16,3,恒载4线程,79.75,19.89,36.5,93.8,3301,49.0,2.42
01:22:17,3,恒载4线程,79.88,19.99,34.3,92.2,3301,49.0,2.35
01:22:18,3,恒载4线程,79.75,19.96,33.5,89.1,3301,49.0,2.36
01:22:19,3,恒载4线程,80.25,19.92,34.1,89.2,3301,49.0,2.39
01:22:20,3,恒载4线程,80.38,19.94,35.1,80.9,1805,49.0,2.41
01:22:21,3,恒载4线程,80.38,20.01,33.6,89.2,3301,50.0,2.41
01:22:22,3,恒载4线程,80.38,19.89,34.8,90.5,1805,50.0,2.41
01:22:23,3,恒载4线程,80.12,19.95,35.6,81.2,3301,50.0,2.45
01:22:24,3,恒载4线程,80.62,19.94,34.1,84.4,3301,50.0,2.41
01:22:25,3,恒载4线程,80.75,20.02,33.1,84.6,3301,50.0,2.41
01:22:26,3,恒载4线程,80.75,19.89,34.6,84.1,3301,50.0,2.41
01:22:27,3,恒载4线程,81.0,19.94,34.3,95.4,3301,50.0,2.47
01:22:28,3,恒载4线程,81.38,20.0,34.0,79.7,1805,51.0,2.59
01:22:29,3,恒载4线程,81.12,19.98,45.2,88.9,1805,51.0,2.49
01:22:30,3,恒载4线程,80.75,19.94,45.5,77.3,3301,51.0,2.44
01:22:31,3,恒载4线程,80.25,19.97,48.3,87.1,1805,51.0,2.49
01:22:32,3,恒载4线程,79.75,19.95,54.0,86.2,3301,51.0,2.43
01:22:33,3,恒载4线程,79.12,19.96,55.7,87.3,3301,51.0,2.44
01:22:34,3,恒载4线程,78.75,19.88,50.4,89.2,3301,51.0,2.45
01:22:35,3,恒载4线程,78.5,19.94,46.6,85.9,3301,51.0,2.47
01:22:36,3,恒载4线程,78.25,19.98,42.2,90.6,3301,52.0,2.49
01:22:37,3,恒载4线程,78.5,8.95,33.9,92.2,3301,52.0,2.51
01:22:38,3,恒载4线程,80.62,18.12,34.5,82.8,3301,52.0,2.5
01:22:39,3,恒载4线程,80.88,19.95,40.2,77.8,1805,52.0,2.54
01:22:40,3,恒载4线程,81.38,19.92,34.4,80.0,3301,52.0,2.56
01:22:41,3,恒载4线程,81.75,20.0,35.4,87.5,3301,51.0,2.52
01:22:42,3,恒载4线程,82.25,19.95,35.1,95.3,3301,51.0,2.51
01:22:43,3,恒载4线程,82.12,19.99,39.4,81.2,3301,51.0,2.47
01:22:44,3,恒载4线程,82.0,19.92,33.7,95.3,3301,51.0,2.48
01:22:45,3,恒载4线程,82.0,19.93,34.9,95.3,3301,51.0,2.5
01:22:46,3,恒载4线程,82.0,19.99,39.6,87.7,3301,50.0,2.5
01:22:47,3,恒载4线程,81.62,19.88,35.6,82.8,3301,50.0,2.53
01:22:48,3,恒载4线程,81.5,19.98,33.7,87.5,3301,50.0,2.5
01:22:49,3,恒载4线程,81.5,19.95,34.4,89.1,3301,50.0,2.46
01:22:50,3,恒载4线程,81.5,19.98,38.2,96.9,3301,50.0,5.56
01:22:51,3,恒载4线程,81.38,19.92,36.7,87.5,1805,50.0,2.45
01:22:52,3,恒载4线程,81.25,19.96,33.9,87.5,3301,50.0,2.45
01:22:53,3,恒载4线程,81.12,19.95,36.5,85.7,1805,49.0,2.43
01:22:54,3,恒载4线程,81.0,19.93,34.4,84.6,3301,49.0,2.43
01:22:55,3,恒载4线程,80.88,19.98,33.8,92.2,3301,49.0,2.39
01:22:56,3,恒载4线程,81.0,19.94,34.7,81.2,1805,49.0,2.43
01:22:57,3,恒载4线程,80.75,19.94,33.9,92.2,3301,49.0,2.38
01:22:58,3,恒载4线程,80.5,19.98,33.7,92.2,3301,48.0,2.37
01:22:59,3,恒载4线程,80.38,19.98,34.6,93.8,3301,48.0,2.36
01:23:00,3,恒载4线程,80.12,19.86,35.1,84.8,1805,48.0,2.43
01:23:01,3,恒载4线程,80.0,20.04,34.9,75.8,3301,48.0,2.37
01:23:02,3,恒载4线程,79.88,19.9,34.0,95.3,3301,47.0,2.36
01:23:03,3,恒载4线程,79.62,20.01,37.3,93.8,3301,47.0,2.4
01:23:04,3,恒载4线程,79.25,19.89,34.2,80.9,1805,47.0,2.39
01:23:05,3,恒载4线程,78.88,20.0,34.1,67.2,1805,47.0,2.39
01:23:06,3,恒载4线程,78.88,19.94,34.0,84.6,1805,46.0,2.33
01:23:07,3,恒载4线程,78.63,19.95,33.9,84.4,3301,46.0,2.34
01:23:08,3,恒载4线程,78.38,19.9,35.1,93.8,1805,46.0,2.38
01:23:09,3,恒载4线程,78.13,20.01,33.7,92.1,3301,46.0,2.34
01:23:10,3,恒载4线程,77.88,19.95,36.1,90.8,3301,46.0,2.35
01:23:11,3,恒载4线程,77.75,19.96,37.1,96.9,3301,46.0,2.35
01:23:12,3,恒载4线程,77.38,19.9,35.6,78.1,1805,45.0,2.34
01:23:13,3,恒载4线程,77.25,19.93,34.0,90.8,3301,45.0,2.33
01:23:14,3,恒载4线程,77.0,20.0,36.0,93.8,3301,45.0,2.29
01:23:15,3,恒载4线程,76.88,19.98,34.6,90.5,3301,45.0,2.37
01:23:16,3,恒载4线程,76.63,19.95,34.7,85.9,1805,45.0,2.38
01:23:17,3,恒载4线程,76.5,19.81,33.5,90.6,3301,45.0,2.28
01:23:18,3,恒载4线程,76.38,20.1,34.2,92.2,3301,45.0,2.35
01:23:19,3,恒载4线程,76.25,19.92,33.4,92.3,3301,44.0,2.35
01:23:20,3,恒载4线程,76.13,19.93,34.2,92.2,3301,44.0,2.44
01:23:21,3,恒载4线程,76.0,19.99,35.5,92.1,3301,44.0,2.33
01:23:22,3,恒载4线程,75.75,19.92,34.5,93.8,3301,44.0,2.32
01:23:23,3,恒载4线程,75.88,19.97,33.8,84.4,3301,44.0,2.41
01:23:24,3,恒载4线程,75.75,19.95,35.8,87.3,3301,44.0,2.4
01:23:25,3,恒载4线程,75.63,19.94,33.8,96.9,1805,44.0,2.41
01:23:26,3,恒载4线程,75.5,19.98,38.8,90.6,3301,44.0,5.33
01:23:27,3,恒载4线程,75.25,19.95,35.4,93.8,3301,44.0,2.37
01:23:28,3,恒载4线程,75.25,19.95,34.8,79.7,3301,44.0,2.35
01:23:29,3,恒载4线程,75.13,19.93,35.6,80.0,3301,44.0,2.34
01:23:30,3,恒载4线程,75.13,19.97,33.9,82.5,3301,44.0,2.32
01:23:31,3,恒载4线程,75.0,19.94,35.7,92.3,3301,44.0,2.33
01:23:32,3,恒载4线程,74.88,19.95,37.8,82.5,3301,43.0,2.37
01:23:33,3,恒载4线程,74.63,19.94,35.6,84.6,3301,43.0,2.35
01:23:34,3,恒载4线程,74.75,19.96,37.5,87.5,3301,43.0,2.33
01:23:35,3,恒载4线程,74.63,19.9,34.5,92.2,1805,43.0,2.35
01:23:36,3,恒载4线程,74.5,19.96,34.5,76.9,3301,43.0,2.29
01:23:37,3,恒载4线程,74.5,20.01,33.5,95.3,3301,43.0,2.32
01:23:38,3,恒载4线程,74.63,19.93,33.5,90.5,3301,43.0,2.28
01:23:39,3,恒载4线程,74.63,19.91,34.2,98.4,3301,43.0,2.27
01:23:40,3,恒载4线程,74.5,19.93,34.9,90.6,1805,43.0,2.31
01:23:41,3,恒载4线程,74.38,19.99,34.9,87.5,3301,43.0,2.33
01:23:42,3,恒载4线程,74.38,19.98,39.5,85.9,3301,44.0,5.22
01:23:43,3,恒载4线程,74.88,19.94,39.6,90.6,3301,44.0,2.31
01:23:44,3,恒载4线程,75.0,19.99,36.1,89.2,1805,44.0,2.32
01:23:45,3,恒载4线程,75.13,19.92,34.7,87.3,1805,44.0,2.34
01:23:46,3,恒载4线程,75.38,19.96,35.4,93.8,3301,45.0,2.35
01:23:47,3,恒载4线程,74.0,14.48,76.9,81.5,3301,45.0,2.25
01:23:48,3,恒载4线程,84.62,37.9,70.2,90.6,3301,45.0,4.59
01:23:49,3,恒载4线程,94.25,47.61,59.8,76.2,2011,45.0,2.23
01:23:50,3,恒载4线程,97.88,45.28,51.8,62.5,3301,46.0,2.25
01:23:51,3,恒载4线程,99.25,48.06,76.9,87.7,3301,47.0,2.34
01:23:52,3,恒载4线程,99.88,41.67,48.9,71.4,2011,47.0,2.35
01:23:53,3,恒载4线程,100.12,38.72,50.2,74.6,3301,48.0,2.32
01:23:54,3,恒载4线程,100.38,39.91,47.4,78.1,3301,48.0,2.37
01:23:55,3,恒载4线程,100.62,39.75,42.9,63.1,3301,48.0,2.37
01:23:56,3,恒载4线程,100.62,38.18,43.9,73.4,3301,49.0,2.37
01:23:57,3,恒载4线程,100.75,38.54,42.5,70.3,2011,49.0,2.36
01:23:58,3,恒载4线程,100.88,21.54,34.6,56.2,2011,49.0,3.72
01:24:01,4,恒载6线程,100.88,32.76,59.6,66.3,3301,50.0,2.45
01:24:02,4,恒载6线程,100.88,44.24,90.4,97.0,3301,50.0,2.39
01:24:03,4,恒载6线程,100.88,41.83,76.0,90.3,3301,50.0,2.43
01:24:04,4,恒载6线程,101.0,42.48,65.9,79.7,3301,50.0,2.41
01:24:05,4,恒载6线程,100.88,41.15,58.8,75.0,3301,50.0,2.46
01:24:06,4,恒载6线程,101.0,36.05,53.7,67.7,3301,50.0,2.49
01:24:07,4,恒载6线程,101.0,33.72,51.0,68.2,3301,50.0,2.39
01:24:08,4,恒载6线程,101.0,32.47,52.4,75.0,3301,50.0,2.6
01:24:09,4,恒载6线程,101.0,31.55,51.2,76.6,2011,50.0,2.49
01:24:10,4,恒载6线程,101.0,32.36,52.3,78.1,3301,50.0,2.41
01:24:11,4,恒载6线程,101.0,29.9,52.1,75.0,2011,50.0,2.43
01:24:12,4,恒载6线程,101.0,30.55,50.5,73.4,3301,50.0,2.38
01:24:13,4,恒载6线程,101.0,29.57,50.2,65.6,3301,50.0,3.03
01:24:14,4,恒载6线程,101.0,30.29,51.7,65.6,2011,50.0,2.36
01:24:15,4,恒载6线程,101.0,34.41,50.4,64.6,3301,50.0,2.41
01:24:16,4,恒载6线程,101.0,29.83,50.3,70.3,3301,50.0,2.63
01:24:17,4,恒载6线程,101.0,31.99,50.9,76.6,3301,50.0,2.66
01:24:18,4,恒载6线程,101.0,32.06,50.9,65.6,3301,50.0,2.37
01:24:19,4,恒载6线程,101.0,33.76,50.7,81.2,3301,49.0,2.39
01:24:20,4,恒载6线程,101.0,31.13,50.4,71.9,3301,49.0,2.41
01:24:21,4,恒载6线程,101.0,31.01,50.3,68.8,3301,49.0,2.39
01:24:22,4,恒载6线程,101.0,32.67,51.0,76.9,3301,49.0,2.63
01:24:23,4,恒载6线程,101.0,34.21,50.5,70.3,3301,49.0,2.48
01:24:24,4,恒载6线程,101.0,32.47,50.3,71.9,3301,49.0,2.49
01:24:25,4,恒载6线程,101.0,32.65,51.9,70.3,3301,49.0,2.51
01:24:26,4,恒载6线程,101.0,31.73,50.7,67.2,3301,49.0,2.53
01:24:27,4,恒载6线程,101.0,33.15,51.0,73.4,3301,48.0,2.44
01:24:28,4,恒载6线程,101.0,34.86,50.0,80.0,2011,48.0,2.38
01:24:29,4,恒载6线程,101.0,31.37,50.3,76.6,3301,48.0,2.41
01:24:30,4,恒载6线程,101.0,32.42,51.2,72.6,3301,48.0,2.43
01:24:31,4,恒载6线程,101.0,29.54,51.2,73.4,3301,48.0,2.59
01:24:32,4,恒载6线程,101.0,32.89,50.8,69.2,3301,48.0,2.7
01:24:33,4,恒载6线程,101.0,32.78,50.4,76.6,3301,47.0,2.4
01:24:34,4,恒载6线程,101.0,32.76,50.2,71.9,3301,47.0,2.84
01:24:35,4,恒载6线程,101.0,34.84,52.1,76.6,3301,47.0,2.4
01:24:36,4,恒载6线程,101.0,32.62,52.1,79.7,3301,47.0,2.36
01:24:37,4,恒载6线程,101.0,32.32,50.4,64.1,3301,47.0,2.35
01:24:38,4,恒载6线程,101.0,35.2,50.6,74.6,2011,46.0,2.38
01:24:39,4,恒载6线程,101.0,28.68,50.0,71.9,3301,46.0,2.36
01:24:40,4,恒载6线程,101.0,31.37,50.6,72.3,3301,46.0,2.38
01:24:41,4,恒载6线程,101.0,32.69,51.0,73.0,3301,46.0,2.95
01:24:42,4,恒载6线程,101.0,28.4,51.0,69.8,3301,46.0,2.79
01:24:43,4,恒载6线程,101.0,37.71,53.5,73.8,3301,46.0,2.31
01:24:44,4,恒载6线程,101.0,27.76,50.7,80.9,3301,45.0,2.86
01:24:45,4,恒载6线程,101.0,34.12,52.3,63.1,2011,45.0,2.69
01:24:46,4,恒载6线程,101.0,34.1,50.2,68.8,3301,45.0,2.32
01:24:47,4,恒载6线程,101.0,31.74,50.3,68.8,3301,45.0,2.44
01:24:48,4,恒载6线程,101.0,32.0,51.1,76.9,3301,45.0,2.44
01:24:49,4,恒载6线程,101.0,31.65,50.1,73.0,3301,45.0,2.34
01:24:50,4,恒载6线程,101.0,32.53,50.8,74.6,3301,45.0,2.72
01:24:51,4,恒载6线程,101.0,32.92,50.8,77.3,3301,44.0,2.54
01:24:52,4,恒载6线程,101.0,32.31,50.9,69.3,3301,44.0,2.26
01:24:53,4,恒载6线程,101.0,34.76,50.7,73.4,3301,44.0,2.36
01:24:54,4,恒载6线程,101.0,35.65,50.9,71.9,3301,44.0,2.38
01:24:55,4,恒载6线程,101.12,36.93,51.9,86.2,3301,44.0,2.41
01:24:56,4,恒载6线程,101.12,33.43,50.5,68.2,3301,44.0,2.4
01:24:57,4,恒载6线程,101.0,32.45,50.7,68.8,2011,44.0,2.43
01:24:58,4,恒载6线程,101.12,34.92,50.2,84.4,3301,43.0,2.33
01:24:59,4,恒载6线程,101.12,29.54,50.6,70.3,3301,43.0,2.61
01:25:00,4,恒载6线程,101.0,33.04,50.6,76.6,3301,43.0,2.33
01:25:01,4,恒载6线程,101.0,32.64,51.2,63.1,3301,43.0,2.3
01:25:02,4,恒载6线程,101.12,31.64,50.9,76.2,3301,43.0,2.29
01:25:03,4,恒载6线程,101.0,39.14,50.4,81.5,3301,43.0,2.29
01:25:04,4,恒载6线程,101.0,32.31,50.1,71.9,2011,43.0,2.5
01:25:05,4,恒载6线程,101.12,33.72,52.6,78.5,3301,42.0,3.13
01:25:06,4,恒载6线程,101.0,36.02,51.0,71.9,3301,42.0,2.3
01:25:07,4,恒载6线程,101.0,31.21,50.6,65.6,3301,42.0,2.59
01:25:08,4,恒载6线程,101.0,31.76,51.0,73.4,3301,42.0,2.61
01:25:09,4,恒载6线程,101.0,38.72,50.3,79.7,3301,42.0,2.28
01:25:10,4,恒载6线程,101.0,32.62,51.2,72.3,3301,42.0,2.25
01:25:11,4,恒载6线程,101.0,35.68,51.0,63.1,3301,42.0,2.21
01:25:12,4,恒载6线程,101.0,32.21,50.5,74.2,3301,42.0,2.27
01:25:13,4,恒载6线程,101.0,33.26,51.0,73.8,3301,41.0,2.32
01:25:14,4,恒载6线程,101.0,35.95,50.9,77.8,3301,41.0,2.24
01:25:15,4,恒载6线程,101.0,38.54,52.2,79.7,3301,41.0,2.34
01:25:16,4,恒载6线程,101.0,36.35,51.6,66.2,3301,41.0,2.3
01:25:17,4,恒载6线程,101.12,36.93,51.6,76.2,3301,41.0,2.34
01:25:18,4,恒载6线程,101.12,34.32,50.8,69.2,3301,41.0,2.28
01:25:19,4,恒载6线程,101.12,33.29,50.2,76.6,2011,41.0,2.32
01:25:20,4,恒载6线程,101.0,31.25,50.5,71.9,2011,41.0,2.28
01:25:21,4,恒载6线程,101.0,37.35,51.4,70.3,3301,41.0,3.02
01:25:22,4,恒载6线程,101.0,31.63,50.5,70.8,3301,41.0,2.35
01:25:23,4,恒载6线程,101.0,35.77,50.1,77.8,3301,41.0,2.58
01:25:24,4,恒载6线程,101.0,38.94,50.2,76.6,3301,41.0,2.29
01:25:25,4,恒载6线程,101.0,33.97,52.4,71.9,3301,41.0,2.35
01:25:26,4,恒载6线程,101.0,38.18,50.6,75.0,3301,41.0,2.26
01:25:27,4,恒载6线程,101.0,32.68,50.5,72.7,3301,41.0,4.61
01:25:28,4,恒载6线程,101.0,40.32,50.3,84.1,2011,41.0,2.22
01:25:29,4,恒载6线程,101.0,40.63,53.7,74.6,3301,41.0,2.21
01:25:30,4,恒载6线程,101.12,38.93,51.3,71.2,3301,40.0,2.27
01:25:31,4,恒载6线程,101.12,37.73,54.4,74.2,3301,41.0,2.3
01:25:32,4,恒载6线程,101.12,35.99,52.7,70.3,3301,40.0,2.31
01:25:33,4,恒载6线程,101.12,37.6,51.3,75.0,3301,40.0,2.29
01:25:34,4,恒载6线程,101.12,32.15,51.0,70.3,3301,40.0,2.22
01:25:35,4,恒载6线程,101.12,32.72,53.2,64.6,3301,40.0,2.21
01:25:36,4,恒载6线程,101.12,36.92,52.5,81.2,3301,40.0,2.26
01:25:37,4,恒载6线程,101.12,41.19,52.4,81.2,3301,40.0,2.28
01:25:38,4,恒载6线程,101.12,36.24,50.5,70.3,3301,40.0,2.24
01:25:39,4,恒载6线程,101.12,37.65,50.0,82.8,3301,40.0,2.29
01:25:40,4,恒载6线程,101.12,35.04,50.2,66.7,3301,40.0,2.24
01:25:41,4,恒载6线程,101.12,33.12,50.8,75.0,3301,40.0,2.33
01:25:42,4,恒载6线程,101.12,36.57,50.1,74.6,3301,40.0,2.39
01:25:43,4,恒载6线程,101.12,39.65,54.9,87.5,3301,40.0,2.25
01:25:44,4,恒载6线程,101.12,37.72,50.4,70.8,3301,40.0,2.25
01:25:45,4,恒载6线程,101.12,32.81,50.7,68.2,3301,40.0,2.37
01:25:46,4,恒载6线程,101.12,34.64,53.0,85.9,3301,40.0,2.19
01:25:47,4,恒载6线程,101.12,33.49,50.5,81.2,3301,40.0,2.34
01:25:48,4,恒载6线程,101.12,35.92,51.7,65.6,3301,40.0,2.32
01:25:49,4,恒载6线程,101.12,35.64,50.7,70.3,2011,40.0,2.21
01:25:50,4,恒载6线程,101.12,34.49,56.8,66.7,3301,40.0,2.74
01:25:51,4,恒载6线程,101.12,45.82,57.8,80.9,3301,41.0,14.73
01:25:52,4,恒载6线程,101.12,34.51,50.4,65.1,3301,41.0,14.81
01:25:53,4,恒载6线程,101.12,33.63,50.8,75.0,3301,41.0,14.85
01:25:54,4,恒载6线程,101.12,36.71,50.2,78.1,2011,40.0,2.28
01:25:55,4,恒载6线程,101.12,29.74,50.7,76.6,3301,40.0,2.28
01:25:56,4,恒载6线程,101.12,35.99,52.0,73.4,3301,40.0,2.48
01:25:57,4,恒载6线程,101.12,36.11,51.5,72.3,2011,40.0,2.28
01:25:58,4,恒载6线程,101.12,38.48,57.6,78.1,3301,40.0,2.23
01:25:59,4,恒载6线程,101.12,35.9,51.2,81.2,3301,40.0,2.26
01:26:00,4,恒载6线程,101.12,34.25,50.4,75.0,3301,40.0,2.39
01:26:01,4,恒载6线程,101.12,37.35,50.4,78.5,2011,40.0,2.23
01:26:02,4,恒载6线程,101.12,34.06,50.5,76.6,2011,40.0,2.39
01:26:03,4,恒载6线程,101.0,34.83,51.0,68.8,3301,40.0,2.26
01:26:04,4,恒载6线程,101.0,36.35,50.6,66.2,2011,40.0,2.44
01:26:05,4,恒载6线程,101.0,38.46,51.1,69.8,3301,40.0,2.33
01:26:06,4,恒载6线程,101.0,37.67,51.4,78.1,3301,40.0,2.31
01:26:07,4,恒载6线程,101.0,34.48,50.4,68.8,3301,40.0,2.53
01:26:08,4,恒载6线程,101.0,33.1,51.1,70.8,3301,40.0,4.69
01:26:09,4,恒载6线程,101.0,36.0,50.3,75.0,3301,40.0,2.24
01:26:10,4,恒载6线程,101.0,38.82,50.6,76.6,2011,40.0,2.29
01:26:11,4,恒载6线程,101.12,35.85,51.1,76.6,3301,40.0,2.26
01:26:12,4,恒载6线程,101.12,36.32,50.3,71.9,3301,40.0,2.29
01:26:13,4,恒载6线程,101.12,35.39,50.5,77.3,3301,40.0,2.22
01:26:14,4,恒载6线程,101.12,31.06,50.7,90.3,2011,40.0,2.22
01:26:15,4,恒载6线程,101.12,31.69,50.9,71.9,3301,40.0,2.29
01:26:16,4,恒载6线程,101.12,43.33,53.7,70.8,3301,40.0,2.22
01:26:17,4,恒载6线程,101.12,37.46,50.3,68.8,3301,40.0,2.28
01:26:18,4,恒载6线程,101.12,38.44,50.5,75.0,3301,40.0,2.27
01:26:19,4,恒载6线程,101.12,37.22,50.3,73.0,2011,40.0,2.26
01:26:20,4,恒载6线程,101.12,39.74,50.2,73.4,3301,40.0,2.26
01:26:21,4,恒载6线程,101.12,34.71,50.7,75.0,3301,40.0,2.23
01:26:22,4,恒载6线程,101.12,36.59,51.0,83.1,3301,40.0,2.25
01:26:23,4,恒载6线程,101.12,37.49,50.7,79.7,2011,40.0,2.27
01:26:24,4,恒载6线程,101.12,35.24,50.1,68.8,3301,40.0,2.21
01:26:25,4,恒载6线程,101.12,35.59,50.8,70.3,2011,40.0,2.32
01:26:26,4,恒载6线程,101.12,32.76,51.9,75.0,3301,40.0,2.3
01:26:27,4,恒载6线程,101.12,37.53,50.0,81.5,3301,40.0,2.2
01:26:28,4,恒载6线程,101.12,42.29,50.5,73.0,3301,40.0,2.83
01:26:29,4,恒载6线程,101.12,33.91,50.1,70.3,3301,39.0,2.32
01:26:30,4,恒载6线程,101.12,36.16,50.5,67.7,3301,39.0,2.33
01:26:31,4,恒载6线程,101.12,40.52,51.1,75.0,3301,40.0,2.34
01:26:32,4,恒载6线程,101.12,36.71,50.4,63.5,3301,39.0,2.3
01:26:33,4,恒载6线程,101.12,31.07,51.6,68.8,2011,39.0,3.06
01:26:34,4,恒载6线程,101.12,34.92,50.9,69.2,2011,39.0,2.38
01:26:35,4,恒载6线程,101.12,35.31,50.8,79.4,3301,39.0,4.87
01:26:36,4,恒载6线程,101.12,40.95,52.3,76.6,3301,39.0,2.32
01:26:37,4,恒载6线程,101.12,33.54,50.3,71.9,3301,39.0,2.31
01:26:38,4,恒载6线程,101.12,36.32,50.1,80.0,2011,39.0,2.27
01:26:39,4,恒载6线程,101.12,37.13,50.8,71.9,2011,39.0,2.28
01:26:40,4,恒载6线程,101.12,32.89,50.4,67.2,3301,39.0,2.27
01:26:41,4,恒载6线程,101.12,40.68,50.6,76.2,3301,39.0,2.28
01:26:42,4,恒载6线程,101.12,36.11,50.0,76.9,3301,39.0,2.3
01:26:43,4,恒载6线程,101.12,36.84,54.5,76.6,2011,39.0,2.28
01:26:44,4,恒载6线程,101.12,37.93,50.5,78.1,3301,39.0,2.32
01:26:45,4,恒载6线程,101.12,33.07,50.5,73.0,3301,39.0,2.33
01:26:46,4,恒载6线程,101.12,38.79,51.5,64.1,3301,39.0,2.3
01:26:47,4,恒载6线程,101.12,40.9,53.2,67.2,3301,39.0,2.29
01:26:48,4,恒载6线程,101.12,38.19,50.1,77.3,2011,39.0,2.33
01:26:49,4,恒载6线程,101.12,36.29,50.5,71.0,2011,39.0,2.29
01:26:50,4,恒载6线程,101.12,35.65,50.4,80.0,3301,39.0,2.28
01:26:51,4,恒载6线程,101.12,37.59,51.4,71.4,2011,39.0,2.3
01:26:52,4,恒载6线程,101.12,33.67,50.6,68.8,3301,39.0,2.31
01:26:53,4,恒载6线程,101.12,41.4,50.3,81.2,3301,39.0,2.37
01:26:54,4,恒载6线程,101.0,36.74,51.1,81.5,3301,39.0,2.25
01:26:55,4,恒载6线程,101.0,42.13,50.4,83.1,3301,39.0,2.26
01:26:56,4,恒载6线程,101.0,40.62,52.8,77.8,3301,39.0,2.31
01:26:57,4,恒载6线程,101.0,39.99,50.1,70.3,3301,39.0,2.27
01:26:58,4,恒载6线程,101.0,41.46,50.0,80.0,3301,39.0,2.29
01:26:59,4,恒载6线程,101.0,38.16,50.6,76.2,3301,39.0,2.38
01:27:00,4,恒载6线程,101.12,37.98,50.6,75.4,3301,39.0,2.27
01:27:01,5,卸载恢复,101.12,38.43,38.9,65.1,2011,39.0,2.24
01:27:02,5,卸载恢复,99.62,2.55,2.4,7.8,3301,39.0,2.26
01:27:03,5,卸载恢复,98.12,1.92,2.0,3.1,2011,38.0,2.25
01:27:04,5,卸载恢复,96.38,2.56,0.8,4.7,2011,38.0,2.25
01:27:05,5,卸载恢复,95.25,1.55,1.6,4.7,2011,37.0,2.27
01:27:06,5,卸载恢复,93.75,2.14,2.4,3.1,3301,37.0,2.28
01:27:07,5,卸载恢复,92.0,4.05,0.6,4.7,3301,37.0,2.24
01:27:08,5,卸载恢复,90.38,2.23,1.2,4.7,2011,36.0,2.2
01:27:09,5,卸载恢复,89.12,2.46,2.2,6.2,3301,36.0,2.2
01:27:10,5,卸载恢复,87.75,2.0,2.6,4.7,2011,36.0,2.18
01:27:11,5,卸载恢复,86.0,2.89,1.8,6.3,2011,35.0,2.19
01:27:12,5,卸载恢复,84.62,2.13,2.1,4.7,2011,35.0,2.18
01:27:13,5,卸载恢复,83.38,1.9,0.4,3.1,3301,35.0,2.19
01:27:14,5,卸载恢复,81.88,2.95,0.8,4.7,3301,35.0,2.21
01:27:15,5,卸载恢复,80.62,2.22,0.7,1.6,2011,34.0,2.2
01:27:16,5,卸载恢复,79.38,2.1,2.4,3.1,3301,34.0,3.04
01:27:17,5,卸载恢复,78.13,4.06,3.0,6.2,2011,34.0,2.28
01:27:18,5,卸载恢复,77.0,2.21,0.8,6.2,2011,34.0,2.33
01:27:19,5,卸载恢复,75.88,2.33,1.6,6.2,2011,34.0,2.34
01:27:20,5,卸载恢复,74.88,2.07,0.6,1.6,2011,33.0,2.24
01:27:21,5,卸载恢复,73.88,2.83,2.2,6.2,3301,33.0,2.24
01:27:23,5,卸载恢复,73.0,1.8,0.1,3.1,3301,33.0,2.2
01:27:24,5,卸载恢复,72.0,1.85,2.8,3.1,3301,33.0,2.2
01:27:25,5,卸载恢复,71.13,2.55,1.3,4.7,2011,33.0,2.17
01:27:26,5,卸载恢复,70.13,2.62,3.4,4.7,3301,32.0,2.16
01:27:27,5,卸载恢复,69.13,2.73,2.4,4.7,3301,32.0,2.2
01:27:28,5,卸载恢复,68.0,3.94,1.9,6.2,3301,32.0,2.2
01:27:29,5,卸载恢复,67.25,1.85,0.3,3.1,3301,32.0,2.22
01:27:30,5,卸载恢复,66.5,2.37,2.5,4.7,2011,32.0,2.23
01:27:31,5,卸载恢复,65.75,1.96,0.9,4.7,3301,32.0,2.24
01:27:32,5,卸载恢复,64.88,2.38,1.9,4.7,2011,32.0,2.16
01:27:33,5,卸载恢复,64.13,2.24,1.5,1.6,2011,32.0,2.16
01:27:34,5,卸载恢复,63.0,2.87,2.2,3.1,2011,32.0,2.16
01:27:35,5,卸载恢复,62.25,2.69,2.4,7.8,2011,32.0,2.19
01:27:36,5,卸载恢复,61.63,2.35,0.9,6.2,3301,31.0,2.16
01:27:37,5,卸载恢复,60.75,2.6,2.8,4.7,3301,32.0,2.21
01:27:38,5,卸载恢复,60.0,5.0,3.0,6.3,3301,31.0,2.18
01:27:39,5,卸载恢复,59.25,2.68,1.1,4.6,3301,31.0,2.2
01:27:40,5,卸载恢复,58.75,2.21,4.5,12.3,2011,31.0,2.18
01:27:41,5,卸载恢复,58.88,8.24,9.3,12.7,3301,31.0,2.17
01:27:42,5,卸载恢复,58.0,3.58,2.3,7.8,2011,31.0,2.16
01:27:43,5,卸载恢复,57.25,2.21,2.0,1.6,2011,31.0,2.11
01:27:44,5,卸载恢复,56.88,4.42,6.8,14.1,2011,31.0,2.12
01:27:45,5,卸载恢复,56.38,5.78,3.2,9.2,3301,31.0,2.17
01:27:46,5,卸载恢复,55.88,2.55,1.8,7.8,3301,31.0,2.14
01:27:47,5,卸载恢复,55.38,2.01,0.9,3.1,2011,31.0,2.17
01:27:48,5,卸载恢复,54.75,4.16,3.1,7.7,2011,31.0,2.14
01:27:49,5,卸载恢复,54.38,1.68,0.7,1.6,3301,31.0,2.18
01:27:50,5,卸载恢复,53.75,2.15,1.1,3.1,3301,31.0,2.13
01:27:51,5,卸载恢复,53.38,2.45,0.9,4.7,3301,31.0,2.07
01:27:52,5,卸载恢复,53.0,1.78,1.1,3.1,3301,31.0,2.07
01:27:53,5,卸载恢复,52.5,2.22,1.2,3.1,2011,31.0,2.06
01:27:54,5,卸载恢复,52.13,1.85,0.2,1.6,3301,31.0,2.08
01:27:55,5,卸载恢复,51.63,2.55,2.2,4.6,3301,31.0,2.1
01:27:56,5,卸载恢复,51.25,2.36,0.7,4.8,2011,31.0,2.09
01:27:57,5,卸载恢复,50.88,2.26,0.5,3.1,2011,31.0,2.06
01:27:58,5,卸载恢复,50.63,3.6,2.2,4.7,3301,31.0,2.1
01:27:59,5,卸载恢复,50.25,1.76,0.5,1.6,3301,31.0,2.02
01:28:00,5,卸载恢复,49.75,2.66,2.6,6.2,3301,31.0,2.08
01:28:01,5,卸载恢复,49.38,2.87,0.8,6.2,2011,31.0,2.06
01:28:02,5,卸载恢复,49.0,2.74,1.5,3.1,3301,31.0,2.02
01:28:03,5,卸载恢复,48.5,2.17,6.4,4.7,2011,31.0,2.0
01:28:04,5,卸载恢复,48.38,2.43,2.1,4.6,3301,32.0,2.09
01:28:05,5,卸载恢复,48.25,3.35,1.4,3.1,3301,32.0,2.09
01:28:06,5,卸载恢复,48.13,2.75,1.6,3.1,2011,32.0,2.11
01:28:07,5,卸载恢复,47.88,1.91,1.5,3.1,2011,32.0,2.01
01:28:08,5,卸载恢复,47.75,4.79,2.8,6.2,2011,32.0,2.05
01:28:09,5,卸载恢复,47.5,1.59,0.4,3.1,2011,33.0,2.01
01:28:10,5,卸载恢复,47.25,2.33,0.8,1.6,2011,33.0,2.04
01:28:11,5,卸载恢复,47.0,2.51,0.6,4.7,2011,33.0,2.03
01:28:12,5,卸载恢复,46.75,2.26,0.3,3.1,2011,33.0,2.05
01:28:13,5,卸载恢复,46.5,2.4,0.5,1.5,2011,33.0,2.04
01:28:14,5,卸载恢复,46.38,1.61,1.5,1.6,3301,33.0,2.1
01:28:15,5,卸载恢复,46.13,2.19,0.9,3.1,3301,34.0,2.1
01:28:16,5,卸载恢复,46.0,2.9,1.8,4.7,3301,34.0,2.08
01:28:17,5,卸载恢复,45.88,2.28,1.0,4.7,2011,34.0,2.09
01:28:18,5,卸载恢复,46.25,4.39,3.4,4.7,2011,34.0,2.08
01:28:19,5,卸载恢复,46.38,2.68,0.5,3.1,2011,34.0,2.08
01:28:20,5,卸载恢复,46.25,1.98,0.7,1.6,2011,34.0,2.07
01:28:21,5,卸载恢复,46.13,2.79,0.9,3.1,2011,34.0,2.07
01:28:22,5,卸载恢复,46.0,1.94,0.9,1.6,2011,35.0,2.08
01:28:23,5,卸载恢复,45.88,1.8,0.5,1.5,3301,35.0,2.13
01:28:24,5,卸载恢复,45.75,1.77,1.5,1.6,3301,35.0,2.14
01:28:25,5,卸载恢复,45.63,1.9,0.5,3.1,2011,35.0,2.08
01:28:26,5,卸载恢复,45.63,2.35,1.2,6.2,2011,35.0,2.11
01:28:27,5,卸载恢复,45.5,2.39,0.8,3.1,2011,35.0,2.12
01:28:28,5,卸载恢复,45.88,3.97,2.1,4.7,3301,35.0,2.08
01:28:29,5,卸载恢复,45.75,1.63,0.4,3.1,3301,35.0,2.11
01:28:30,5,卸载恢复,45.63,2.27,1.7,3.1,2011,35.0,2.07
01:28:31,5,卸载恢复,45.63,2.94,0.9,3.1,2011,36.0,2.16